principioactivo,codigoatc,descripcionatc,cantidad,unidadmedida,unidadreferencia,formafarmaceutica,aclaracion
BETAMETASONA (FOSFATO DISÓDICO),H02AB01,BETAMETASONA,4,mg,por cada  mL de base,Solución inyectable,Ninguna
MILTEFOSINA,L01XX09,MILTEFOSINA,50,mg,por cada cápsula,Cápsula,Medicamentos para programas especiales en salud pública
RANITIDINA (CLORHIDRATO),A02BA02,RANITIDINA,300,mg,de base por cada forma farmacéutica,Tableta con o sin recubrimiento,Ninguna
ETIONAMIDA,J04AD03,ETIONAMIDA,250,mg,por cada  forma farmacéutica,Tableta con o sin recubrimiento,Medicamentos para programas especiales en salud pública
QUININA SULFATO,P01BC01,QUININA,300,mg,por cada cápsula,Cápsula,Medicamentos para programas especiales en salud pública
ESTAVUDINA,J05AF04,ESTAVUDINA,40,mg,por cada cápsula,Cápsula,Ninguna
PENTAMIDINA,P01CX01,PENTAMIDINA,200,mg,,Polvo estéril para inyección,Medicamentos para programas especiales en salud pública
VALPROICO ÁCIDO,N03AG01,ÁCIDO VALPROICO,250,mg,por cada  forma farmacéutica,Tableta con o sin recubrimiento,Ninguna
MERCAPTOPURINA,L01BB02,MERCAPTOPURINA,50,mg,por cada  tableta,Tableta,Ninguna
VERAPAMILO CLORHIDRATO,C08DA01,VERAPAMILO,120,mg,por cada  forma farmacéutica,Tableta con o sin recubrimiento,Ninguna
CROMOGLICATO DE SODIO,S01GX01,ÁCIDO CROMOGLÍCICO,20,mg,por cada  mL (2 por ciento),Solución oftálmica,Ninguna
MILTEFOSINA,L01XX09,MILTEFOSINA,6,g,por cada  100 mL,Suspensión oral,Medicamentos para programas especiales en salud pública
ESTRADIOL,G03CA03,ESTRADIOL,25-50,mcg,por cada  día,Sistema transdérmico,Cubierto para  pacientes que no toleran el estradiol vía oral.
SALBUTAMOL (SULFATO),R03AC02,SALBUTAMOL,100,mcg,por cada  dosis,Solución para inhalación (aerosol),Ninguna
BETAMETASONA,D07AC01,BETAMETASONA,0.05,por ciento,,Ungüento,Ninguna
DEXTROSA 10 POR CIENTO EN AGUA DESTILADA,B05BA03,CARBOHIDRATOS,10,por ciento,,Solución inyectable,Ninguna
SAQUINAVIR,J05AE01,SAQUINAVIR,200,mg,por cada  forma farmacéutica,Tableta con o sin recubrimiento,Según las “guías de práctica clínica para la prevención; diagnóstico y tratamiento de pacientes con vih-sida”.
TOXOIDE TETÁNICO,J07AM01,TETÁNICO TOXOIDE,,,Incluye todas las concentraciones,Inyectable,Ninguna
ENTACAPONA + CARVIDOPA + LEVODOPA,N04BA03,LEVODOPA;  INHIBIDOR DE LA DECARBOXILASA E INHIBIDOR DE LA COMT,(200 + 37.5 + 150),mg,por cada  forma farmacéutica,Tableta con o sin recubrimiento,Cubierto para el tratamiento de la enfermedad de parkinson moderada o severa sin respuesta a tratamientos en fases iniciales o con síntomas de fin de dosis.
CROMOGLICATO DE SODIO,R01AC01,ÁCIDO CROMOGLÍCICO,40,mg,por cada  mL (4 por ciento ),Solución nasal,Ninguna
IMIPRAMINA CLORHIDRATO,N06AA02,IMIPRAMINA,10,mg,por cada  forma farmacéutica,Tableta con o sin recubrimiento,Ninguna
LOSARTÁN POTÁSICO,C09CA01,LOSARTÁN,100,mg,por cada  forma farmacéutica,Tableta con o sin recubrimiento,Ninguna
EDETATO DE SODIO Y CALCIO,V03AB03,EDETATOS,20,por ciento,,Solución inyectable,Ninguna
METOCLOPRAMIDA (CLORHIDRATO),A03FA01,METOCLOPRAMIDA,10,mg,de base por cada forma farmacéutica,Tableta con o sin recubrimiento,Ninguna
BUPIVACAÍNA CLORHIDRATO CON O SIN EPINEFRINA,N01BB51,BUPIVACAÍNA  COMBINACIONES,50,mg,por cada  10 mL (0.5 por ciento),Solución inyectable,Ninguna
QUININA SULFATO,P01BC01,QUININA,200,mg,por cada cápsula,Cápsula,Medicamentos para programas especiales en salud pública
BUSULFAN,L01AB01,BUSULFANO,2,mg,por cada  forma farmacéutica,Tableta con o sin recubrimiento,Ninguna
FOLINATO DE CALCIO,V03AF03,FOLINATO DE CALCIO,10,mg,por cada  mL,Polvo estéril para inyección,Ninguna
CICLOSPORINA,L04AD01,CICLOSPORINA,50,mg,por cada  mL,Solución inyectable,Ninguna
RISPERIDONA,N05AX08,RISPERIDONA,2,mg,por cada  forma farmacéutica,Tableta con o sin recubrimiento,Cubierto para el tratamiento de la esquizofrenia
IPRATROPIO BROMURO,R01AX03,IPRATROPIO BROMURO DE,0.02,mg,por cada  dosis,Solución para inhalación (aerosol),Ninguna
VACUNA ANTIRRÁBICA,J07BG01,RABIA VIRUS ENTERO INACTIVADO,,,Incluye todas las concentraciones,Inyectable,Ninguna
PRIMAQUINA (FOSFATO),P01BA03,PRIMAQUINA,5,mg,de base por cada Cápsula o tableta,Cápsula o tableta,Medicamentos para programas especiales en salud pública
PIRAZINAMIDA,J04AK01,PIRAZINAMIDA,400,mg,por cada  forma farmacéutica,Tableta con o sin recubrimiento,Medicamentos para programas especiales en salud pública
MICOFENOLATO,L04AA06,ÁCIDO MICOFENÓLICO,500,mg,,Polvo estéril para inyección,Cubierto en el trasplante de hígado o corazón o riñón.
MINOXIDIL,C02DC01,MINOXIDIL,10,mg,por cada  forma farmacéutica,Tableta con o sin recubrimiento,Según las “guías de práctica clínica para la prevención; diagnóstico y tratamiento de pacientes con enfermedad renal crónica”.
SULFASALAZINA,A07EC01,SULFASALAZINA,500,mg,por cada  forma farmacéutica,Tableta con o sin recubrimiento,Ninguna
CASPOFUNGINA,J02AX04,CASPOFUNGINA,50,mg,,Polvo estéril para inyección,Ninguna
ALUMINIO HIDRÓXIDO + MAGNESIO HIDRÓXIDO CON O SIN SIMETICONA,A02AB10,COMPUESTOS DE ALUMINIO COMBINACIONES,(2 - 6 + 1 - 4),por ciento,,Suspensión oral,Ninguna
DOXAZOSINA,C02CA04,DOXAZOSINA,4,mg,por cada  forma farmacéutica,Tableta con o sin recubrimiento,Como alternativa en el tratamiento de la hipertensión arterial.
FENOBARBITAL SÓDICO,N03AA02,FENOBARBITAL,40,mg,por cada  mL,Solución inyectable,Ninguna
CALCITRIOL,A11CC04,CALCITRIOL,0.5,mcg,por cada cápsula,Cápsula,Ninguna
AMPICILINA ANHIDRA O TRIHIDRATO,J01CA01,AMPICILINA,250,mg,por cada  5 mL (5 por ciento),Polvo para reconstituir a suspensión oral,Ninguna
DANAZOL,G03XA01,DANAZOL,200,mg,por cada cápsula,Cápsula,Ninguna
INSULINA DETEMIR,A10AE05,INSULINA DETEMIR,100,U.I.,por cada  mL,Solución inyectable,Ninguna
CITARABINA,L01BC01,CITARABINA,100,mg,,Polvo estéril para inyección,Ninguna
CAPECITABINA,L01BC06,CAPECITABINA,500,mg,por cada  tableta,Tableta,Cubierto para el tratamiento del cáncer de estómago.
NOREPINEFRINA,C01CA03,NOREPINEFRINA,1,mg,por cada  mL,Solución inyectable,Ninguna
FLUCONAZOL,J02AC01,FLUCONAZOL,200,mg,por cada  100 mL,Solución inyectable,Ninguna
SUERO ANTIRRÁBICO,J06AA06,ANTIRRÁBICO SUERO,,,Incluye todas las concentraciones,Inyectable,Ninguna
DEXTROSA + SODIO CLORURO,B05BA03,CARBOHIDRATOS,(5 + 0.9),por ciento,,Solución inyectable,Ninguna
NIMODIPINA,C08CA06,NIMODIPINA,10,mg,por cada  50 mL,Solución inyectable,Ninguna
LIDOCAÍNA CLORHIDRATO,N01BB02,LIDOCAÍNA,2,por ciento,,Jalea,Ninguna
VITAMINA A (ACETATO O PALMITATO),A11CA01,RETINOL (VIT A),50000,U.I.,por cada  forma farmacéutica,Tableta con o sin recubrimiento,Ninguna
INMUNOGLOBULINA ANTI RH,J06BB01,INMUNOGLOBULINA ANTI-D (RH),250 a 300,mcg,por cada  2 mL,Solución inyectable,Ninguna
WARFARINA SÓDICA,B01AA03,WARFARINA,5,mg,por cada  forma farmacéutica,Tableta con o sin recubrimiento,Ninguna
TRIMETOPRIM + SULFAMETOXAZOL,J01EE01,SULFAMETOXAZOL Y TRIMETOPRIMA,(160 + 800),mg,por cada  tableta,Tableta,Ninguna
SOLUCIONES PARA HEMODIÁLISIS,B05ZA98,CONCENTRADOS PARA HEMODIÁLISIS,,,Incluye todas las concentraciones,Polvo estéril para inyección,Ninguna
ALBÚMINA HUMANA NORMAL,B05AA01,ALBÚMINA,20-25,por ciento,,Solución inyectable,Ninguna
AMPICILINA (SAL SÓDICA),J01CA01,AMPICILINA,500,mg,de base,Polvo estéril para inyección,Ninguna
BROMOCRIPTINA,N04BC01,BROMOCRIPTINA,2.5,mg,por cada  forma farmacéutica,Tableta con o sin recubrimiento,Ninguna
IOTALAMATO DE MEGLUMINA,V08AA04,ÁCIDO IOTALÁMICO,60,por ciento,,Solución inyectable,Ninguna
HIERRO (FERROSO) SULFATO ANHIDRO,B03AA07,FERROSO SULFATO,(100 - 300),mg,por cada  forma farmacéutica,Tableta con o sin recubrimiento,Ninguna
DOXICICLINA,J01AA02,DOXICICLINA,100,mg,por cada  forma farmacéutica,Tableta con o sin recubrimiento,Ninguna
METOPROLOL TARTRATO,C07AB02,METOPROLOL,100,mg,por cada  forma farmacéutica,Tableta con o sin recubrimiento,Ninguna
ETAMBUTOL CLORHIDRATO,J04AK02,ETAMBUTOL,400,mg,por cada  tableta,Tableta,Medicamentos para programas especiales en salud pública
NITROFURANTOÍNA,J01XE01,NITROFURANTOÍNA,50,mg,por cada  forma farmacéutica,Tableta con o sin recubrimiento,Ninguna
CEFRADINA,J01DB09,CEFRADRINA,500,mg,por cada  cápsula o tableta,Cápsula o tableta,Ninguna
SODIO CLORURO,B05BB01,ELECTROLITOS,0.9,por ciento,,Solución inyectable,Ninguna
RIVASTIGMINA,N06DA03,RIVASTIGMINA,3,mg,por cada cápsula,Cápsula,Cubierto en el manejo de la demencia.
METADONA CLORHIDRATO,N02AC52,METADONA  COMBINACIONES EXCL. PSICOLÉPTICOS,5,mg,por cada  tableta,Tableta,Ninguna
AZATIOPRINA,L04AX01,AZATIOPRINA,50,mg,por cada  forma farmacéutica,Tableta con o sin recubrimiento,Ninguna
MICOFENOLATO,L04AA06,ÁCIDO MICOFENÓLICO,250,mg,por cada  forma farmacéutica,Tableta con o sin recubrimiento,Cubierto en el trasplante de hígado o corazón o riñón.
ISOFLURANO,N01AB06,ISOFLURANO,,,Sustancia pura,Solución para inhalación,Ninguna
MIDAZOLAM,N05CD08,MIDAZOLAM,7.5,mg,por cada  forma farmacéutica,Tableta con o sin recubrimiento,Ninguna
RIFAMPICINA,J04AB02,RIFAMPICINA,100,mg,por cada  5 mL (2 por ciento),Jarabe,Medicamentos para programas especiales en salud pública
EPINEFRINA (TARTRATO O CLORHIDRATO),C01CA24,EPINEFRINA,1,mg,por cada  mL,Solución inyectable,Ninguna
PREDNISOLONA + FENILEFRINA,S01CA02,PREDNISOLONA Y MIDRIÁTICOS,(1 + 0.12),,,Suspensión oftálmica,Ninguna
EFAVIRENZ,J05AG03,EFAVIRENZ,200,mg,por cada cápsula,Cápsula,Ninguna
IOHEXOL,V08AB02,IOHEXOL,180,mg,de yodo por cada mL (Iohexol),Solución inyectable,Ninguna
ZIDOVUDINA,J05AF01,ZIDOVUDINA,100,mg,por cada  cápsula o tableta,Cápsula o tableta,Ninguna
EFAVIRENZ,J05AG03,EFAVIRENZ,600,mg,por cada  forma farmacéutica,Tableta con o sin recubrimiento,Según las “guías de práctica clínica para la prevención; diagnóstico y tratamiento de pacientes con vih-sida”.
ASCÓRBICO ÁCIDO,A11GA01,ÁCIDO ASCÓRBICO (VIT C),100,mg,por cada  mL,Solución oral,Ninguna
PENTAMIDINA,P01CX01,PENTAMIDINA,5-10,por ciento,en solución para nebulización,Solución para nebulización,Medicamentos para programas especiales en salud pública
BETAMETASONA FOSFATO + BETAMETASONA ACETATO,H02AB01,BETAMETASONA,,,(3 mg de base + 3 mg) por cada mL,Suspensión inyectable,Ninguna
HALOPERIDOL,N05AD01,HALOPERIDOL,5,mg,por cada  mL,Solución inyectable,Ninguna
LAMIVUDINA,J05AF05,LAMIVUDINA,10,mg,por cada  mL,Solución oral,Ninguna
LEFLUNOMIDA,L04AA13,LEFLUNOMIDA,20,mg,por cada  forma farmacéutica,Tableta con o sin recubrimiento,Cubierto para el tratamiento de la artritis reumatoidea  moderada a severa.
ALOPURINOL,M04AA01,ALOPURINOL,300,mg,por cada  forma farmacéutica,Tableta con o sin recubrimiento,Ninguna
CEFUROXIMA,J01DC02,CEFUROXIMA,750,mg,,Polvo estéril para inyección,Cubierta para el tratamiento de neumonía.
CLORAMBUCILO,L01AA02,CLORAMBUCILO,2,mg,por cada  tableta,Tableta,Ninguna
RIFAMPICINA + ISONIAZIDA,J04AM02,RIFAMPICINA E ISONIAZIDA,(60 + 60),mg,por cada  forma farmacéutica,Tableta con o sin recubrimiento,Medicamentos para programas especiales en salud pública
TETRACICLINA CLORHIDRATO,J01AA07,TETRACICLINA,500,mg,por cada cápsula,Cápsula,Ninguna
RISPERIDONA,N05AX08,RISPERIDONA,37.5,mg,,Polvo estéril para inyección,Cubierto para el tratamiento de la esquizofrenia
INSULINA ZINC HUMANA; INSULINA HUMANA;  INSULINA ISOFANA,A10AD01,INSULINA (HUMANA),80 - 100,U.I.,por cada  mL,Polvo estéril para inyección,Ninguna
VACUNA CONTRA ROTAVIRUS,J07BH01,ROTAVIRUS VIRUS VIVO ATENUADO,,,Incluye todas las concentraciones,Suspensión oral,Medicamentos para programas especiales en salud pública
NISTATINA,A07AA02,NISTATINA,100000,U.I.,por cada  mL,Suspensión oral,Ninguna
FENTOLAMINA,C04AB01,FENTOLAMINA,5,mg,,Polvo estéril para inyección,Ninguna
GLICERINA,A06AX01,GLICEROL,,,Incluye todas las concentraciones,Supositorio,Adulto y niño
GENTAMICINA (SULFATO),J01GB03,GENTAMICINA,160,mg,por cada  2 mL de base,Solución inyectable,Ninguna
OXACILINA (SAL SÓDICA),J01CF04,OXACILINA,1,g,,Polvo estéril para inyección,Ninguna
AMOXICILINA - CLAVULANATO,J01CR02,AMOXICILINA E INHIBIDORES DE LA ENZIMA,(0.5 + 0.1),g,,Polvo estéril para inyección,Uso exclusivo para tratamiento de neumonía
MEDROXIPROGESTERONA + ESTRADIOL,G03AA08,MEDROXIPROGESTERONA Y ESTRÓGENO,(25 + 5),mg,,Solución inyectable,Ninguna
ALUMINIO HIDRÓXIDO,A02AB01,HIDRÓXIDO DE ALUMINIO,234,mg,por cada  forma farmacéutica,Tableta con o sin recubrimiento,Ninguna
HIDROCLOROTIAZIDA,C03AA03,HIDROCLOROTIAZIDA,25,mg,por cada  tableta,Tableta,Ninguna
LORAZEPAM,N05BA06,LORAZEPAM,1,mg,por cada  tableta,Tableta,Ninguna
METILFENIDATO,N06BA04,METILFENIDATO,10,mg,por cada  tableta,Tableta,Ninguna
RESINAS INTERCAMBIADORAS DE POTASIO (SODIO POLIESTIRENO SULFONATO),V03AE01,RESINAS DE INTERCAMBIO CATIÓNICO,100,g,,Polvo y suspensión oral (enema),Ninguna
DIAZEPAM,N05BA01,DIAZEPAM,10,mg,por cada  cápsula o tableta,Cápsula o tableta,Ninguna
SULFACETAMIDA SÓDICA,S01AB04,SULFACETAMIDA,30,por ciento,,Solución oftálmica,Ninguna
HEPARINA SÓDICA,B01AB01,HEPARINA,5000,U.I.,por cada  mL,Solución inyectable,Ninguna
METFORMINA,A10BA02,METFORMINA,850,mg,por cada  forma farmacéutica,Tableta con o sin recubrimiento,Ninguna
RANITIDINA (CLORHIDRATO),A02BA02,RANITIDINA,50,mg,por cada  2 mL de base,Solución inyectable,Ninguna
RITUXIMAB,L01XC02,RITUXIMAB,10,mg,por cada  mL,Solución inyectable,Cubierto para el tratamiento de artritis reumatoidea  moderada  a severa y en tratamiento de linfoma no hodking
METRONIDAZOL (BENZOÍLO),P01AB01,METRONIDAZOL,250,mg,por cada  5 mL de base (5 por ciento),Suspensión oral,Ninguna
FÓLICO ÁCIDO,B03BB01,ÁCIDO FÓLICO,1,mg,por cada  forma farmacéutica,Tableta con o sin recubrimiento,Ninguna
RISPERIDONA,N05AX08,RISPERIDONA,1,mg,por cada  forma farmacéutica,Tableta con o sin recubrimiento,Cubierto para el tratamiento de la esquizofrenia
OXIMETAZOLINA,R01AA05,OXIMETAZOLINA,0.5,mg,mL (0.05 por ciento),Solución nasal,Ninguna
VACUNA CONTRA HEPATITIS B,J07BC01,HEPATITIS B ANTÍGENO PURIFICADO DE,,,Incluye todas las concentraciones,Solución inyectable,Según las “guías de práctica clínica para la prevención; diagnóstico y tratamiento de pacientes con vih-sida”.
ESTRÓGENOS CONJUGADOS,G03CA57,ESTRÓGENOS CONJUGADOS,0.625,mg,por cada  g (0.0625 por ciento),Crema vaginal,Ninguna
SALBUTAMOL (SULFATO),R03CC02,SALBUTAMOL,2,mg,por cada  5 mL (0.04 por ciento),Jarabe,Ninguna
CARBOPLATINO,L01XA02,CARBOPLATINO,450,mg,,Polvo estéril para inyección,Ninguna
LOPINAVIR + RITONAVIR,J05AE11,LOPINAVIR + RITONAVIR,(400 + 100),mg,por cada  5 mL,Jarabe,Ninguna
TRIMETOPRIM + SULFAMETOXAZOL,J01EE01,SULFAMETOXAZOL Y TRIMETOPRIMA,(80 + 400),mg,por cada  5 mL,Solución inyectable,Ninguna
SERTRALINA,N06AB06,SERTRALINA,25,mg,por cada  forma farmacéutica,Tableta con o sin recubrimiento,Ninguna
SULFACETAMIDA SÓDICA,S01AB04,SULFACETAMIDA,10,por ciento,,Solución oftálmica,Ninguna
DIFENHIDRAMINA,R06AA02,DIFENHIDRAMINA,12.5,mg,por cada  5 mL,Jarabe,Ninguna
ESOMEPRAZOL,A02BC05,ESOMEPRAZOL,20,mg,por cada  forma farmacéutica,Tableta con o sin recubrimiento,Ninguna
ONDANSETRON,A04AA01,ONDANSETRÓN,8,mg,por cada  4 mL,Solución inyectable,Cubierto en quimioterapia antineoplásica
INDINAVIR,J05AE02,INDINAVIR,200,mg,por cada  cápsula o tableta,Cápsula o tableta,Ninguna
PIRIDOSTIGMINA BROMURO,N07AA02,PIRIDOSTIGMINA,60,mg,por cada  tableta,Tableta,Ninguna
TRANEXÁMICO ÁCIDO,B02AA02,ÁCIDO TRANEXÁMICO,500,mg,por cada  5 mL,Solución inyectable,Ninguna
FURAZOLIDONA,G01AX06,FURAZOLIDONA,50,mg,por cada  5 mL (0.33 por ciento),Suspensión oral,Ninguna
CORTICOIDE + NEOMICINA + POLIMIXINA,S03CA01,DEXAMETASONA Y ANTIINFECCIOSOS,0.1 + 0.35 + 6.000,(por ciento + por ciento +U.I),por cada  mL,Suspensión oftálmica,Ninguna
METRONIDAZOL,G01AF01,METRONIDAZOL,500,mg,por cada  óvulo o tableta vaginal,Ovulo o tableta vaginal,Ninguna
HIDROXIPROGESTERONA CAPROATO,G03DA03,HIDROXIPROGESTERONA,250,mg,por cada  mL,Solución inyectable,Ninguna
BARIO SULFATO,V08BA01,SULFATO DE BARIO CON AGENTES EN SUSPENSIÓN,,,Incluye todas las concentraciones,Polvo para reconstituir a suspensión oral,Ninguna
OLANZAPINA,N05AH03,OLANZAPINA,5,mg,por cada  forma farmacéutica,Tableta con o sin recubrimiento,Cubierto para el tratamiento de la esquizofrenia
VALPROICO SÓDICO,N03AG01,ÁCIDO VALPROICO,250,mg,por cada  5 mL como ácido (5 por ciento),Jarabe,Ninguna
RIVASTIGMINA,N06DA03,RIVASTIGMINA,27,mg,por cada  parche,Parche,Cubierto en el manejo de la demencia.
PEGFILGRASTIM,L03AA13,PEGFILGRASTIM,1,mg,por cada  0.1 mL,Solución inyectable,Cubierto para la profilaxis y tratamiento de la neutropenia febril para pacientes que reciben quimioterapia citotóxica para el tratamiento del cáncer (tumores sólidos y linfomas)
FENITOÍNA SÓDICA,N03AB02,FENITOÍNA,100,mg,por cada  cápsula o tableta,Cápsula o tableta,Ninguna
ERITROPOYETINA,B03XA01,ERITROPOYETINA,2000,U.I.,,Polvo estéril para inyección,Ninguna
CLORANFENICOL,J01BA01,CLORANFENICOL,250,mg,por cada cápsula,Cápsula,Ninguna
SODIO NITRITO,V03AB08,NITRATO DE SODIO,3,por ciento,,Solución inyectable,Ninguna
DIDANOSINA,J05AF02,DIDANOSINA,100,mg,por cada  cápsula o tableta,Cápsula o tableta,Ninguna
ERGOTAMINA + CAFEÍNA,N02CA52,ERGOTAMINA  COMBINACIONES EXCL. PSICOLÉPTICOS,(1 + 100),mg,por cada  cápsula o tableta,Cápsula o tableta,Ninguna
ACICLOVIR,S01AD03,ACICLOVIR,3,por ciento,,Ungüento oftálmico,Ninguna
CLOZAPINA.,N05AH02,CLOZAPINA,25,mg,por cada  forma farmacéutica,Tableta con o sin recubrimiento,Ninguna
NELFINAVIR,J05AE04,NELFINAVIR,250,mg,por cada  forma farmacéutica,Tableta con o sin recubrimiento,Ninguna
CIPROTERONA ACETATO,G03HA01,CIPROTERONA,50,mg,por cada  forma farmacéutica,Tableta con o sin recubrimiento,Ninguna
MICRONUTRIENTES INORGÁNICOS ESENCIALES - ELEMENTOS TRAZA,B05BA10,COMBINACIONES,,,Entre 4 y 9 elementos,Solución inyectable,Ninguna
ZIDOVUDINA,J05AF01,ZIDOVUDINA,10,mg,por cada  mL,Solución oral,Ninguna
ETANERCEPT,L04AB01,ETANERCEPT,50,mg,,Polvo estéril para inyección,Cubierto para el tratamiento de la artritis reumatoidea  moderada a severa.
IBUPROFENO,M01AE01,IBUPROFENO,800,mg,por cada  forma farmacéutica,Tableta con o sin recubrimiento,Ninguna
TAMOXIFENO (CITRATO),L02BA01,TAMOXIFENO,20,mg,de base por cada forma farmacéutica,Tableta con o sin recubrimiento,Ninguna
LIDOCAÍNA CLORHIDRATO CON O SIN EPINEFRINA,N01BB52,LIDOCAÍNA COMBINACIONES,2,por ciento,,Solución inyectable en cárpula,Ninguna
CLINDAMICINA (FOSFATO),J01FF01,CLINDAMICINA,15,por ciento,,Solución inyectable,Ninguna
NISTATINA,D01AA01,NISTATINA,100,U.I.,por cada  g,Crema,Ninguna
CARVEDILOL,C07AG02,CARVEDILOL,25,mg,por cada  forma farmacéutica,Tableta con o sin recubrimiento,Cubierto para el tratamiento de la hipertensión arterial e insuficiencia cardiaca congestiva
GADOLINIO (GADOPENTETATO DE DIMEGLUMINA Y ; O GADOTERATO DE MEGLUMINA),V08CA01,ÁCIDO GADOPENTÉTICO,0.5,mmol,por cada  mL,Solución inyectable,Ninguna
CEFEPIMA,J01DE01,CEFEPIMA,1,g,,Polvo estéril para inyección,Ninguna
HEPARINA DE BAJO PESO MOLECULAR,B01AB,GRUPO DE LAS HEPARINAS,Incluye todas las concentraciones en,U.I. o mg,,Solución inyectable,Ninguna
PENICILINA G BENZATÍNICA,J01CE08,BENCILPENICILINA BENZATÍNICA,1.200.000,U.I.,,Polvo estéril para inyección,Ninguna
GENTAMICINA (SULFATO),J01GB03,GENTAMICINA,80,mg,por cada  2 mL de base,Solución inyectable,Ninguna
FENOBARBITAL SÓDICO,N03AA02,FENOBARBITAL,200,mg,por cada  mL,Solución inyectable,Ninguna
IBUPROFENO,M01AE01,IBUPROFENO,400,mg,por cada  forma farmacéutica,Tableta con o sin recubrimiento,Ninguna
ERITROPOYETINA,B03XA01,ERITROPOYETINA,1000,U.I.,,Polvo estéril para inyección,Ninguna
METRONIDAZOL,P01AB01,METRONIDAZOL,250,mg,por cada  tableta,Tableta,Ninguna
MEFLOQUINA,P01BC02,MEFLOQUINA,250,mg,por cada  forma farmacéutica,Tableta con o sin recubrimiento,Medicamentos para programas especiales en salud pública
LEVOMEPROMAZINA,N05AA02,LEVOMEPROMAZINA,100,mg,por cada  forma farmacéutica,Tableta con o sin recubrimiento,Ninguna
BETAMETASONA,D07AC01,BETAMETASONA,0.05,por ciento,,Crema,Ninguna
VALACICLOVIR,J05AB11,VALACICLOVIR,1000,mg,por cada  forma farmacéutica,Tableta con o sin recubrimiento,Cubierto en el tratamiento de  infecciones por herpes virus en paciente inmunocomprometido.
CLONAZEPAM,N03AE01,CLONAZEPAM,0.5,mg,por cada  forma farmacéutica,Tableta con o sin recubrimiento,Ninguna
OXICODONA,N02AA05,OXICODONA,20,mg,por cada  tableta de liberación programada,Tableta de liberación programada,Ninguna
PENICILINA G BENZATÍNICA,J01CE08,BENCILPENICILINA BENZATÍNICA,2.400.000,U.I.,,Polvo estéril para inyección,Ninguna
CROMOGLICATO DE SODIO,S01GX01,ÁCIDO CROMOGLÍCICO,40,mg,por cada  mL (4 por ciento),Solución oftálmica,Ninguna
KETOCONAZOL,J02AB02,KETOCONAZOL,200,mg,por cada  forma farmacéutica,Tableta con o sin recubrimiento,Ninguna
OXITOCINA,H01BB02,OXITOCINA,10,U.I.,por cada  mL,Solución inyectable,Ninguna
BRIMONIDINA TARTRATO,S01EA05,BRIMONIDINA TARTRATO,2,mg,por cada  mL (0.2 por ciento),Solución oftálmica,Ninguna
ESTAVUDINA,J05AF04,ESTAVUDINA,30,mg,por cada cápsula,Cápsula,Ninguna
HALOPERIDOL,N05AD01,HALOPERIDOL,10,mg,por cada  forma farmacéutica,Tableta con o sin recubrimiento,Ninguna
AMPICILINA ANHIDRA O TRIHIDRATO,J01CA01,AMPICILINA,125,mg,por cada  5 mL (2.5 por ciento),Polvo para reconstituir a suspensión oral,Ninguna
ATORVASTATINA,C10AA05,ATORVASTATINA,20,mg,por cada  forma farmacéutica,Tableta con o sin recubrimiento,Ninguna
FENOBARBITAL,N03AA02,FENOBARBITAL,100,mg,por cada  tableta,Tableta,Ninguna
TRIMETOPRIM + SULFAMETOXAZOL,J01EE01,SULFAMETOXAZOL Y TRIMETOPRIMA,(80 + 400),mg,por cada  tableta,Tableta,Ninguna
KETAMINA (CLORHIDRATO),N01AX03  ,KETAMINA,500,mg,por cada  10 mL,Solución inyectable,Ninguna
TIAMINA,A11DA01,TIAMINA (VIT B1),100,mg,por cada  mL,Solución inyectable,Ninguna
RISPERIDONA,N05AX08,RISPERIDONA,25,mg,,Polvo estéril para inyección,Cubierto para el tratamiento de la esquizofrenia
ALUMINIO ACETATO,D02AX99,OTROS EMOLIENTES Y PROTECTORES,,,en Polvo,Polvo,Ninguna
LIDOCAÍNA CLORHIDRATO CON O SIN EPINEFRINA,N01BB52,LIDOCAÍNA COMBINACIONES,1,por ciento,,Solución inyectable,Ninguna
PENICILINA G PROCAÍNICA,J01CE09,BENCILPENICILINA PROCAÍNICA,800,U.I.,,Polvo estéril para inyección,Ninguna
CALCIO CARBONATO,A12AA04,CARBONATO DE CALCIO,600,mg,como calcio por cada tableta.,Tableta,Ninguna
HIERRO PARENTERAL,B03AC02,HIERRO SACARATADO  ÓXIDO DE,Mínimo 20,mg,de hierro por cada mL,Solución inyectable,Ninguna
ESTIBOGLUCONATO  DE  SODIO,P01CB02,ESTIBOGLUCONATO  DE  SODIO,100,mg,por cada  mL,Solución inyectable,Medicamentos para programas especiales en salud pública
VINBLASTINA SULFATO,L01CA01,VINBLASTINA,10,mg,,Polvo estéril para inyección,Ninguna
TRAMADOL CLORHIDRATO,N02AX02,TRAMADOL,50,mg,por cada  mL,Solución inyectable,Ninguna
CLOPIDOGREL,B01AC04,CLOPIDOGREL,75,mg,de base por cada forma farmacéutica,Tableta con o sin recubrimiento,Cubierta para el tratamiento de la enfermedad coronaria; en terapia combinada con asa.
MICOFENOLATO,L04AA06,ÁCIDO MICOFENÓLICO,360,mg,por cada  forma farmacéutica,Tableta con o sin recubrimiento,Cubierto en el trasplante de hígado o corazón o riñón.
CLORHIDRATO DE SEVELAMER.,V03AE02,SEVELÁMERO,800,mg,por cada  forma farmacéutica,Tableta con o sin recubrimiento,Según las “guías de práctica clínica para la prevención;  diagnóstico y tratamiento de pacientes con enfermedad renal crónica”.
ACETAMINOFÉN,N02BE01,PARACETAMOL,150,mg,por cada  5 mL (3 por ciento),Jarabe,Ninguna
MESALAZINA,A07EC02,MESALAZINA,4,g,por cada  Enema,Enema,Ninguna
PANCURONIO BROMURO,M03AC01,PANCURONIO,4,mg,por cada  2 mL,Solución inyectable,Ninguna
CLARITROMICINA,J01FA09,CLARITROMICINA,250,mg,por cada  5mL (5 por ciento),Suspensión oral,Cubierta para el tratamiento de neumonía.
AMIKACINA (SULFATO),J01GB06,AMIKACINA,500,mg,por cada  2 mL,Solución inyectable,Ninguna
COLCHICINA,M04AC01,COLCHICINA,0.5,mg,por cada  forma farmacéutica,Tableta con o sin recubrimiento,Ninguna
TIOPENTAL SÓDICO,N01AF03,TIOPENTAL,1,g,,Polvo estéril para inyección,Ninguna
ACETÍL SALICÍLICO ÁCIDO,N02BA01,ÁCIDO ACETILSALICÍLICO,500,mg,por cada  forma farmacéutica,Tableta con o sin recubrimiento,Ninguna
BETAMETIL DIGOXINA,C01AA08,METILDIGOXINA,0.1,mg,por cada  tableta,Tableta,Ninguna
IMIPENEM + CILASTATINA,J01DH51,IMIPENEM E ENZIMA INHIBIDORA,(500 + 500),mg,,Polvo estéril para inyección,Ninguna
VALACICLOVIR,J05AB11,VALACICLOVIR,500,mg,por cada  forma farmacéutica,Tableta con o sin recubrimiento,Cubierto en el tratamiento de infecciones por herpes virus en paciente inmunocomprometido.
FENITOÍNA SÓDICA,N03AB02,FENITOÍNA,250,mg,por cada  5 mL,Solución inyectable,Ninguna
ACETÍL SALICÍLICO ÁCIDO,N02BA01,ÁCIDO ACETILSALICÍLICO,100,mg,por cada  forma farmacéutica,Tableta con o sin recubrimiento,Ninguna
ESPIRONOLACTONA,C03DA01,ESPIRONOLACTONA,100,mg,por cada  forma farmacéutica,Tableta con o sin recubrimiento,Ninguna
TEOFILINA,R03DA04,TEOFILINA,80,mg,por cada  5 mL,Elixir,Ninguna
LORATADINA,R06AX13,LORATADINA,5,mg,por cada  5 mL (0.1 por ciento),Jarabe,Ninguna
PROPRANOLOL CLORHIDRATO,C07AA05,PROPRANOLOL,40,mg,por cada  tableta,Tableta,Ninguna
DIFENHIDRAMINA,R06AA02,DIFENHIDRAMINA,50,mg,por cada cápsula,Cápsula,Ninguna
RITONAVIR,J05AE03,RITONAVIR,100,mg,por cada  forma farmacéutica,Tableta con o sin recubrimiento,Ninguna
ASPARAGINASA,L01XX02,ASPARAGINASA,10000,U.I.,,Polvo estéril para inyección,Ninguna
HIDROCORTISONA (ACETATO),D07AA02,HIDROCORTISONA,0.5,por ciento,,Loción,Ninguna
PIRAZINAMIDA,J04AK01,PIRAZINAMIDA,500,mg,por cada  forma farmacéutica,Tableta con o sin recubrimiento,Medicamentos para programas especiales en salud pública
IOPAMIDOL,V08AB04,IOPAMIDOL,200,mg,de yodo por cada mL (Iopamidol),Solución inyectable,Ninguna
OMEPRAZOL,A02BC01,OMEPRAZOL,40,mg,,Polvo estéril para inyección,Ninguna
AMOXICILINA - CLAVULANATO,J01CR02,AMOXICILINA E INHIBIDORES DE LA ENZIMA,(125 - 400  + 28.5 - 62.5 ),mg,por cada  5 mL,Polvo para reconstituir a suspensión oral,Uso exclusivo para tratamiento de neumonía
AZITROMICINA,J01FA10,AZITROMICINA,1,g,por cada  forma farmacéutica.,Tableta con o sin recubrimiento,Cobertura para el tratamiento de neumonía
ENALAPRIL MALEATO,C09AA02,ENALAPRIL,20,mg,por cada  forma farmacéutica,Tableta con o sin recubrimiento,Ninguna
HIOSCINA N-BUTIL BROMURO + DIPIRONA,A03DB04,BUTILESCOPOLAMINA Y ANALGÉSICOS,(0.020 + 2.5),g,por cada  5 mL,Solución inyectable,Ninguna
ASCÓRBICO ÁCIDO,A11GA01,ÁCIDO ASCÓRBICO (VIT C),500,mg,por cada  tableta,Tableta,Ninguna
BENZONIDAZOL,P01CA02,BENZONIDAZOL,100,mg,por cada  tableta,Tableta,Medicamentos para programas especiales en salud pública
SODIO NITROPRUSIATO,C02DD01,NITROPRUSIATO,50,mg,,Polvo estéril para inyección,Ninguna
AMOXICILINA - CLAVULANATO,J01CR02,AMOXICILINA E INHIBIDORES DE LA ENZIMA,(500 + 125),mg,por cada  forma farmacéutica,Tableta con o sin recubrimiento,Uso exclusivo para tratamiento de neumonía
BETAMETIL DIGOXINA,C01AA08,METILDIGOXINA,0.2,mg,por cada  2 mL,Solución inyectable,Ninguna
LOPINAVIR + RITONAVIR,J05AE11,LOPINAVIR + RITONAVIR,(200 + 50),mg,por cada  forma farmacéutica,Tableta con o sin recubrimiento,Ninguna
METILPREDNISOLONA (SUCCINATO SÓDICO),H02AB04,MEPREDNISONA,500,mg,de base,Polvo estéril para inyección,Ninguna
AZTREONAM,J01DF01,AZTREONAM,1,g,,Polvo estéril para inyección,Ninguna
GEMCITABINA,L01BC05,GEMCITABINA,1,g,,Polvo estéril para inyección,Cubierto para el tratamiento del  cáncer de pulmón.
CLARITROMICINA,J01FA09,CLARITROMICINA,500,mg,,Polvo estéril para inyección,Ninguna
NISTATINA,G01AA01,NISTATINA,100,U.I.,por cada  óvulo o tableta vaginal,Ovulo o tableta vaginal,Ninguna
IOPROMIDA,V08AB05,IOPROMIDA,No menos de 240,mg,de yodo por cada mL,Solución inyectable,Ninguna
AMANTADINA SULFATO O CLORHIDRATO,N04BB01,AMANTADINA,100,mg,por cada  forma farmacéutica,Tableta con o sin recubrimiento,Ninguna
MEROPENEM,J01DH02,MEROPENEM,1,g,,Polvo estéril para inyección,Ninguna
ALCOHOL ETÍLICO,V03AB16,ETANOL,96,por ciento,,Solución inyectable,Preparación magistral.
LIDOCAÍNA CLORHIDRATO,N01BB02,LIDOCAÍNA,5,por ciento,,Ungüento,Ninguna
VACUNA CONTRA LA DIFTERIA; TÉTANO Y TOS FERINA (D.P.T),J07CA99,DIFTERIA-POLIOMIELITIS-TÉTANOS,,,Incluye todas las concentraciones,Inyectable,Medicamentos para programas especiales en salud pública
LEVOMEPROMAZINA,N05AA02,LEVOMEPROMAZINA,4,mg,por cada  mL (0.4 por ciento),Solución oral,Ninguna
QUININA DICLORHIDRATO,P01BC01,QUININA,100,mg,por cada  2 mL,Solución inyectable,Medicamentos para programas especiales en salud pública
LAMOTRIGINA,N03AX09,LAMOTRIGINA,100,mg,por cada  forma farmacéutica,Tableta con o sin recubrimiento,Cubierto para el tratamiento de la epilepsia refractaria.
HIDROXICOBALAMINA,B03BA03,HIDROXICOBALAMINA,1,mg,por cada  mL,Solución inyectable,Ninguna
IBOPAMINA CLORHIDRATO.,C01CA16,IBOPAMINA,50,mg,por cada  tableta,Tableta,Ninguna
METADONA CLORHIDRATO,N02AC52,METADONA  COMBINACIONES EXCL. PSICOLÉPTICOS,10,mg,por cada  tableta,Tableta,Ninguna
ALBENDAZOL,P02CA03,ALBENDAZOL,200,mg,por cada  forma farmacéutica,Tableta con o sin recubrimiento,Ninguna
CROMOGLICATO DE SODIO,R01AC01,ÁCIDO CROMOGLÍCICO,20,mg,por cada  mL (2 por ciento),Solución nasal,Ninguna
LACTATO RINGER (SOLUCIÓN HARTMAN),B05XA30,COMBINACIONES DE ELECTROLITOS,,,Incluye todas las concentraciones,Solución inyectable,Ninguna
CLONIDINA CLORHIDRATO.,C02AC01,CLONIDINA,0.15,mg,por cada  forma farmacéutica,Tableta con o sin recubrimiento,Ninguna
ACETAZOLAMIDA,S01EC01,ACETAZOLAMIDA,250,mg,por cada  forma farmacéutica,Tableta con o sin recubrimiento,Ninguna
DIAZEPAM,N05BA01,DIAZEPAM,10,mg,por cada  2 mL,Solución inyectable,Ninguna
NITROFURANTOÍNA,J01XE01,NITROFURANTOÍNA,100,mg,por cada  forma farmacéutica,Tableta con o sin recubrimiento,Ninguna
LAMOTRIGINA,N03AX09,LAMOTRIGINA,50,mg,por cada  forma farmacéutica,Tableta con o sin recubrimiento,Cubierto para el tratamiento de la epilepsia refractaria.
FOSAMPRENAVIR,J05AE07,FOSAMPRENAVIR,700,mg,por cada  tableta,Tableta,Según las “guías de práctica clínica para la prevención; diagnóstico y tratamiento de pacientes con vih-sida”.
PIRIMETAMINA,P01BD01,PIRIMETAMINA,25,mg,por cada  Cápsula o tableta,Cápsula o tableta,Medicamentos para programas especiales en salud pública
LEVOTIROXINA SÓDICA,H03AA01,LEVOTIROXINA SÓDICA,100,mcg,por cada  Tableta,Tableta,Ninguna
TIMOLOL MALEATO,S01ED01,TIMOLOL,5,mg,por cada  mL (0.5 por ciento),Solución oftálmica,Ninguna
RIFAMPICINA + ISONIAZIDA + PIRAZINAMIDA + ETAMBUTOL,J04AM06,RIFAMPICINA +   PIRAZINAMIDA +   ETAMBUTOL E ISONIAZIDA,(150 + 75 + 400 + 275),mg,por cada  forma farmacéutica,Tableta con o sin recubrimiento,Medicamentos para programas especiales en salud pública
DICLOXACILINA,J01CF01,DICLOXACILINA,250,mg,por cada cápsula,Cápsula,Ninguna
CICLOFOSFAMIDA,L01AA01,CICLOFOSFAMIDA,1,g,,Polvo estéril para inyección,Ninguna
MEBENDAZOL,P02CA01,MEBENDAZOL,100,mg,por cada  tableta,Tableta,Ninguna
BECLOMETASONA DIPROPIONATO,R03BA01,BECLOMETASONA,250,mcg,por cada  dosis,Solución o suspensión para inhalación (aerosol) nasal o bucal,Ninguna
ALUMINIO HIDRÓXIDO,A02AB01,HIDRÓXIDO DE ALUMINIO,6,por ciento,,Suspensión oral,Ninguna
AMOXICILINA,J01CA04,AMOXICILINA,250,mg,de base por cada forma farmacéutica,Tableta con o sin recubrimiento,Ninguna
FLUOXETINA,N06AB03,FLUOXETINA,20,mg,(como base) por cada forma farmacéutica,Tableta con o sin recubrimiento,Ninguna
MEGLUMINA ANTIMONIATO,P01CB01,MEGLUMINA  ANTIMONIATO DE,1.5,g,por cada  5 mL,Solución inyectable,Medicamentos para programas especiales en salud pública
PREDNISONA,H02AB07,PREDNISONA,5,mg,por cada  tableta,Tableta,Ninguna
BECLOMETASONA DIPROPIONATO,R01AD01,BECLOMETASONA,250,mcg,por cada  dosis,Solución o suspensión para inhalación (aerosol) nasal o bucal,Ninguna
LEVOTIROXINA SÓDICA,H03AA01,LEVOTIROXINA SÓDICA,50,mcg,por cada  Tableta,Tableta,Ninguna
OXICODONA,N02AA05,OXICODONA,40,mg,por cada  tableta de liberación programada,Tableta de liberación programada,Ninguna
INSULINA ZINC HUMANA; INSULINA HUMANA,A10AB01,INSULINA (HUMANA),80 - 100,U.I.,por cada  mL,Polvo estéril para inyección,Ninguna
SALES DE REHIDRATACIÓN ORAL.,A07CA99,ELECTROLITOS CON CARBOHIDRATOS REHIDRATACIÓN ORAL,,,Componentes: expresados en g por Lt.,Polvo para disolver en un litro de agua.,Fórmula oms
POTASIO FOSFATO,B05XA06,ELECTROLITOS,(Fosfato 3 + Potasio 4.4),(mM + mEq),por cada  mL,Solución inyectable,Ninguna
TRANEXÁMICO ÁCIDO,B02AA02,ÁCIDO TRANEXÁMICO,500,mg,por cada  tableta,Tableta,Ninguna
NAPROXENO,M01AE02,NAPROXENO,250,mg,por cada  forma farmacéutica,Tableta con o sin recubrimiento,Ninguna
INSULINA ZINC HUMANA; INSULINA HUMANA; INSULINA NPH,A10AC01,INSULINA (HUMANA),80 - 100,U.I.,por cada  mL,Suspensión inyectable,Ninguna
AMINOÁCIDOS ESENCIALES CON O SIN ELECTROLITOS,B05BA10,AMINOÁCIDOS COMBINACIONES,,,Incluye todas las concentraciones,Solución oral,Ninguna
ABACAVIR,J05AF06,ABACAVIR,20,mg,por cada  mL,Solución oral,Ninguna
CIANOCOBALAMINA,B03BA01,CIANOCOBALAMINA,1,mg,por cada  mL,Solución inyectable,Ninguna
ALPRAZOLAM,N05BA12,ALPRAZOLAM,0.5,mg,por cada  forma farmacéutica,Tableta con o sin recubrimiento,Ninguna
DIAZEPAM,N05BA01,DIAZEPAM,5,mg,por cada  cápsula o tableta,Cápsula o tableta,Ninguna
TESTOSTERONA ÉSTER,G03BA03,TESTOSTERONA,250,mg,por cada  mL,Solución inyectable,Ninguna
ESTAVUDINA,J05AF04,ESTAVUDINA,1,mg,por cada  mL,Solución oral,Ninguna
PRAZIQUANTEL,P02BA01,PRAZICUANTEL,600,mg,por cada  tableta,Tableta,Ninguna
CORTICOIDE,S01BA,CORTICOSTEROIDES  MONODROGAS,(0.1 - 1),por ciento,,Suspensión oftálmica,Ninguna
AMOXICILINA,J01CA04,AMOXICILINA,125,mg,por cada  5 mL de base (2.5 por ciento),Polvo para reconstituir a suspensión oral,Ninguna
CITARABINA,L01BC01,CITARABINA,500,mg,,Polvo estéril para inyección,Ninguna
ENTACAPONA + CARVIDOPA + LEVODOPA,N04BA03,LEVODOPA;  INHIBIDOR DE LA DECARBOXILASA E INHIBIDOR DE LA COMT,(200 + 25 + 100),mg,por cada  forma farmacéutica,Tableta con o sin recubrimiento,Cubierto para el tratamiento de la enfermedad de parkinson moderada o severa sin respuesta a tratamientos en fases iniciales o con síntomas de fin de dosis.
HIDROCORTISONA (SUCCINATO SÓDICO),H02AB09,HIDROCORTISONA,100,mg,,Polvo estéril para inyección,Ninguna
CALCIO CARBONATO + VITAMINA D,A12AA20,CALCIO (DIFERENTES SALES EN COMBINACIÓN),,,500-600 mg como Calcio y 200 UI de vitamina D por cada  tableta,Tableta,Ninguna
MEGLUMINA DIATRIZOATO,V08AA01,ÁCIDO DIATRIZOICO,60,por ciento,,Solución inyectable,Ninguna
MEPERIDINA CLORHIDRATO,N02AB02,PETIDINA (MEPERIDINA),100,mg,por cada  2 mL,Solución inyectable,Ninguna
PROPRANOLOL CLORHIDRATO,C07AA05,PROPRANOLOL,80,mg,por cada  tableta,Tableta,Ninguna
FENITOÍNA,N03AB02,FENITOÍNA,125,mg,por cada  5 mL (2.5 por ciento),Suspensión oral,Ninguna
IMATINIB,L01XE01,IMATINIB,400,mg,por cada  forma farmacéutica,Tableta con o sin recubrimiento,Cubierto para el tratamiento de la leucemia mieloide crónica (ph+)
MESALAZINA,A07EC02,MESALAZINA,500,mg,por cada  forma farmacéutica,Tableta con o sin recubrimiento,Ninguna
AZITROMICINA,J01FA10,AZITROMICINA,200,mg,por cada  5 mL (4 por ciento),Polvo para reconstituir a suspensión oral,Cobertura para el tratamiento de neumonía
DIHIDROCODEÍNA BITARTRATO,N02AA08,DIHIDROCODEÍNA,13.6,mg,por cada  mL (1.36 por ciento),Solución oral,Ninguna
CEFTRIAXONA (SAL SÓDICA),J01DD04,CEFTRIAXONA,500,mg,,Polvo estéril para inyección,Ninguna
CLOFAZIMINA,J04BA01,CLOFAZIMINA,100,mg,por cada cápsula,Cápsula,Medicamentos para programas especiales en salud pública
MIDAZOLAM,N05CD08,MIDAZOLAM,5,mg,por cada  5 mL (0.1 por ciento),Solución inyectable,Ninguna
COLISTINA + CORTICOIDE + NEOMICINA,S02CA06,DEXAMETASONA Y ANTIINFECCIOSOS,(0.15 + 0.05 + 0.5),por ciento,,Solución ótica,Ninguna
ATROPINA SULFATO,A03BA01,ATROPINA,1,mg,por cada  mL,Solución inyectable,Ninguna
PENICILINA G PROCAÍNICA,J01CE09,BENCILPENICILINA PROCAÍNICA,400,U.I.,,Polvo estéril para inyección,Ninguna
SODIO DIATRIZOATO + MEGLUMINA DIATRIZOATO,V08AA01,ÁCIDO DIATRIZOICO,(10 + 66),por ciento,,Solución inyectable,Ninguna
ESOMEPRAZOL,A02BC05,ESOMEPRAZOL,40,mg,,Polvo estéril para inyección,Ninguna
MANITOL,B05BC01,MANITOL,10,por ciento,,Solución inyectable,Ninguna
ONDANSETRON,A04AA01,ONDANSETRÓN,8,mg,por cada  forma farmacéutica,Tableta con o sin recubrimiento,Cubierto en quimioterapia antineoplásica
MESALAZINA,A07EC02,MESALAZINA,500,mg,por cada supositorio,Supositorio,Ninguna
IODOPOVIDONA,D08AG02,IODO POVIDONA,10,por ciento,,Solución tópica,Ninguna
CEFUROXIMA,J01DC02,CEFUROXIMA,500,mg,por cada  forma farmacéutica,Tableta con o sin recubrimiento,Cubierta para el tratamiento de neumonía.
PREDNISONA,H02AB07,PREDNISONA,50,mg,por cada  tableta,Tableta,Ninguna
PENICILINA FENOXIMETÍLICA (Y SALES),J01CE02,FENOXIMETILPENICILINA,250,mg,por cada  5 mL (5 por ciento),Polvo para reconstituir a suspensión oral,Ninguna
ESTREPTOMICINA (SULFATO),J01GA01,ESTREPTOMICINA,1,g,de base,Polvo estéril para inyección,Medicamentos para programas especiales en salud pública
DIHIDROERGOTOXINA MESILATO,N02CA01,DIHIDROERGOTAMINA,4.5,mg,por cada  tableta,Tableta,Ninguna
LITIO CARBONATO,N05AN01,LITIO,300,mg,por cada  cápsula o tableta,Cápsula o tableta,Ninguna
TERBUTALINA SULFATO,R03CC03,TERBUTALINA,2.5,mg,por cada  tableta,Tableta,Ninguna
IOHEXOL O IOPAMIDOL,V08AB02,IOHEXOL,No menos de 300,mg,de yodo por cada mL,Solución inyectable,Ninguna
CEFALEXINA,J01DB01,CEFALEXINA,500,mg,por cada  cápsula o tableta,Cápsula o tableta,Ninguna
ALPRAZOLAM,N05BA12,ALPRAZOLAM,0.25,mg,por cada  forma farmacéutica,Tableta con o sin recubrimiento,Ninguna
DOXORRUBICINA,L01DB01,DOXORUBICINA,50,mg,,Polvo estéril para inyección,No cubre  la forma liposomal.
FISOSTIGMINA SALICILATO,V03AB19,FISOSTIGMINA SALICILATO,1,mg,por cada  mL,Solución inyectable,Ninguna
PROCARBAZINA (CLORHIDRATO),L01XB01,PROCARBAZINA,50,mg,de base por cada cápsula,Cápsula,Ninguna
DICLOFENACO SÓDICO,M01AB05,DICLOFENACO,75,mg,por cada  3 mL,Solución inyectable,Ninguna
LABETALOL,C07AG01,LABETALOL,100,mg,por cada  mL,Solución inyectable,Cubierto para el tratamiento de la hipertensión inducida por embarazo.
KETOCONAZOL,J02AB02,KETOCONAZOL,100,mg,por cada  5 mL (2 por ciento),Suspensión oral,Ninguna
LEVONORGESTREL,G03AC03,LEVONORGESTREL,75,mg,implante subdérmico,Implante subdérmico,Ninguna
ESTRÓGENOS CONJUGADOS O ASOCIADOS,G03CA57,ESTRÓGENOS CONJUGADOS,0.625,mg,por cada  forma farmacéutica,Tableta con o sin recubrimiento,Ninguna
LEVODOPA + CARBIDOPA,N04BA02,LEVODOPA CON INHIBIDOR DE LA DECARBOXILASA,(250 + 25),mg,por cada  forma farmacéutica,Tableta con o sin recubrimiento,Ninguna
MISOPROSTOL,G02AD06,MISOPROSTOL,200,mcg,por cada  forma farmacéutica,Tableta vaginal con o sin recubrimiento.,Cubierto en casos de feto muerto si este se presenta en el segundo y tercer trimestre; en casos de evacuación de cavidad uterina por fallo temprano del embarazo con edad gestacional menor de 22 semanas   para evacuación de cavidad uterina en interrupción voluntaria del embarazo cuando a) la continuación constituya peligro para la vida o la salud de la mujer certificado por un médico; b) exista grave malformación del feto que haga inviable su vida certificada por un médico; c) el embarazo sea resultado de una conducta; debidamente denunciada constitutiva de acceso carnal o acto sexual sin consentimiento; abusivo o de inseminación artificial o de transferencia de óvulo fecundado no consentidas o de incesto
RETINOICO ÁCIDO,D10AD02,RETINOL,0.05,g,,Loción,Ninguna
SALBUTAMOL (SULFATO),R03CC02,SALBUTAMOL,4,mg,por cada  tableta,Tableta,Ninguna
FLUCONAZOL,J02AC01,FLUCONAZOL,1-4,por ciento,,Polvo para reconstituir a suspensión oral,Ninguna
DICLOFENACO SÓDICO,M01AB05,DICLOFENACO,50,mg,por cada  forma farmacéutica,Tableta con o sin recubrimiento,Ninguna
ATORVASTATINA,C10AA05,ATORVASTATINA,40,mg,por cada  forma farmacéutica,Tableta con o sin recubrimiento,Ninguna
DEFEROXAMINA MESILATO,V03AC01,DEFEROXAMINA,500,mg,,Polvo estéril para inyección,Ninguna
ALUMINIO HIDRÓXIDO + MAGNESIO HIDRÓXIDO CON O SIN SIMETICONA,A02AB10,COMPUESTOS DE ALUMINIO COMBINACIONES,(200 - 400 + 200 - 400),mg,por cada  forma farmacéutica,Tableta con o sin recubrimiento,Ninguna
VACUNA ANTIAMARÍLICA,J07BL01,FIEBRE AMARILLA VIRUS VIVO ATENUADO,,,Incluye todas las concentraciones,Inyectable,Medicamentos para programas especiales en salud pública
HIDROMORFONA CLORHIDRATO,N02AA03,HIDROMORFONA,2,mg,por cada  mL,Solución inyectable,Ninguna
ACEITE DE RICINO,A06AB05,ACEITE DE CASTOR,,,Sustancia pura USP,Solución oral,Ninguna
DEXTROSA 33 POR CIENTOEN AGUA DESTILADA,B05BA03,CARBOHIDRATOS,33,por ciento,,Solución inyectable,Ninguna
LORAZEPAM,N05BA06,LORAZEPAM,2,mg,por cada  tableta,Tableta,Ninguna
AMIODARONA CLORHIDRATO.,C01BD01,AMIODARONA,200,mg,por cada  forma farmacéutica,Tableta con o sin recubrimiento,Ninguna
CLOZAPINA.,N05AH02,CLOZAPINA,100,mg,por cada  forma farmacéutica,Tableta con o sin recubrimiento,Ninguna
GLUCONATO DE POTASIO,A12BA05,GLUCONATO DE POTASIO,31,por ciento,,Elixir,Ninguna
FLUCONAZOL,J02AC01,FLUCONAZOL,200,mg,por cada cápsula,Cápsula,Ninguna
PREDNISOLONA,H02AB06,PREDNISOLONA,5,mg,por cada  tableta,Tableta,Ninguna
PLATA SULFADIAZINA,D06BA01,PLATA,1,g,,Crema,Ninguna
HIDROMORFONA CLORHIDRATO,N02AA03,HIDROMORFONA,2.5,mg,por cada  tableta,Tableta,Ninguna
ATAZANAVIR,J05AE08,ATAZANAVIR,150,mg,por cada cápsula,Cápsula,Según las guías de práctica clínica para la prevención; diagnóstico y tratamiento de pacientes con vih-sida.
LIDOCAÍNA CLORHIDRATO CON O SIN EPINEFRINA,N01BB52,LIDOCAÍNA COMBINACIONES,2,por ciento,,Solución inyectable,Ninguna
CLORFENIRAMINA MALEATO,R06AB04,CLORFENAMINA,4,mg,por cada  tableta,Tableta,Ninguna
DIAZÓXIDO,C02DA01,DIAZÓXIDO,300,mg,por cada  20 mL,Solución inyectable,Ninguna
TRAZODONA CLORHIDRATO,N06AX05,TRAZODONA,50,mg,por cada  tableta,Tableta,Ninguna
AMIKACINA (SULFATO),J01GB06,AMIKACINA,100,mg,por cada  2 mL,Solución inyectable,Ninguna
ATROPINA SULFATO,S01FA01,ATROPINA,10,mg,por cada  mL (1 por ciento),Solución oftálmica,Ninguna
LOPINAVIR + RITONAVIR,J05AE11,LOPINAVIR + RITONAVIR,(133.3 +33.3),mg,por cada cápsula,Cápsula,Ninguna
CLOTRIMAZOL,G01AF02,CLOTRIMAZOL,100,mg,por cada  óvulo o tableta vaginal,Ovulo o tableta vaginal,Ninguna
VACUNA CONTRA LA TUBERCULOSIS (B.C.G),L03AX03,TUBERCULOSIS  MICOBACTERIA VIVA ATENUADA,,,Incluye todas las concentraciones,Inyectable,Medicamentos para programas especiales en salud pública
PIRIMETAMINA + SULFADOXINA,P01BD51,PIRIMETAMINA  COMBINACIONES,(25 + 500),mg,por cada  5 mL (0.5 por ciento + 10 por ciento),Suspensión oral,Medicamentos para programas especiales en salud pública
CEFTRIAXONA (SAL SÓDICA),J01DD04,CEFTRIAXONA,1,g,,Polvo estéril para inyección,Ninguna
COLESTIRAMINA,C10AC01,COLESTIRAMINA,4,g,por cada  sobre,Polvo o sobre,Ninguna
NIFURTIMOX,P01CC01,NIFURTIMOX,120,mg,por cada  tableta,Tableta,Medicamentos para programas especiales en salud pública
OMEPRAZOL,A02BC01,OMEPRAZOL,20,mg,por cada  forma farmacéutica,Tableta con o sin recubrimiento,Ninguna
ALTEPLASA,B01AD02,ALTEPLASA,50,mg,,Polvo estéril para inyección,Uso en trombolisis endovenosa de evento cerebrovascular
DOXORRUBICINA CLORHIDRATO,L01DB01,DOXORUBICINA,10,mg,,Polvo estéril para inyección,No cubre  la forma liposomal.
RIVASTIGMINA,N06DA03,RIVASTIGMINA,1.5,mg,por cada cápsula,Cápsula,Cubierto en el manejo de la demencia.
DESMOPRESINA ACETATO,H01BA02,DESMOPRESINA,15,mcg,por cada  mL,Solución inyectable,Ninguna
ALBENDAZOL,P02CA03,ALBENDAZOL,100,mg,por cada  5 mL (2 por ciento),Suspensión oral,Ninguna
HALOTANO,N01AB01,HALOTANO,,,Sustancia pura,Solución para inhalación,Ninguna
PRIMAQUINA (FOSFATO),P01BA03,PRIMAQUINA,15,mg,de base por cada Cápsula o tableta,Cápsula o tableta,Medicamentos para programas especiales en salud pública
LORATADINA,R06AX13,LORATADINA,10,mg,por cada  tableta,Tableta,Ninguna
LOPERAMIDA CLORHIDRATO,A07DA03,LOPERAMIDA,2,mg,por cada  forma farmacéutica,Tableta con o sin recubrimiento,Ninguna
CEFALOTINA,J01DB03,CEFALOTINA,1,g,,Polvo estéril para inyección,Ninguna
TRASTUZUMAB,L01XC03,TRASTUZUMAB,440,mg,,Polvo estéril para inyección,Cubierto en el tratamiento del cáncer de mama temprano con sobre expresión de her+ y cáncer de mama metastásico con sobreexpresión de her+; previa confirmación del estado her 2+.
DEXAMETASONA (FOSFATO),H02AB02,DEXAMETASONA,4,mg,por cada  mL de base,Solución inyectable,Ninguna
PIPERAZINA,P02CB01,PIPERAZINA,1,g,por cada  5 mL (20 por ciento),Jarabe,Ninguna
PLASMA HUMANO,B05AX03,PLASMA SANGUÍNEO,,,Sustancia pura,Sustancia pura,Ninguna
PACLITAXEL,L01CD01,PACLITAXEL,30,mg,,Solución inyectable,Ninguna
AMITRIPTILINA CLORHIDRATO,N06AA09,AMITRIPTILINA,25,mg,por cada  forma farmacéutica,Tableta con o sin recubrimiento,Ninguna
DAPSONA,J04BA02,DAPSONA,100,mg,por cada  tableta,Tableta,Medicamentos para programas especiales en salud pública
IMIPRAMINA CLORHIDRATO,N06AA02,IMIPRAMINA,25,mg,por cada  forma farmacéutica,Tableta con o sin recubrimiento,Ninguna
CLOROQUINA (DIFOSFATO O SULFATO),P01BA01,CLOROQUINA,60,mg,por cada  2 mL de base,Solución inyectable,Medicamentos para programas especiales en salud pública
CARBAMAZEPINA,N03AF01,CARBAMAZEPINA,100,mg,por cada  5 mL,Suspensión oral,Ninguna
ZIDOVUDINA,J05AF01,ZIDOVUDINA,10,mg,por cada  mL (1 por ciento),Solución inyectable,Ninguna
LAMIVUDINA + ZIDOVUDINA,J05AR01,ZIDOVUDINE Y LAMIVUDINE,(150 + 300),mg,por cada  forma farmacéutica,Tableta con o sin recubrimiento,Ninguna
ALFAMETILDOPA,C02AB01,METILDOPA (LEVÓGIRA),250,mg,por cada  forma farmacéutica,Tableta con o sin recubrimiento,Ninguna
CIPROFLOXACINA (CLORHIDRATO),J01MA02,CIPROFLOXACINO,100,mg,por cada  10 mL de base,Solución inyectable,Ninguna
ACETILCISTEÍNA,V03AB23,ACETÍLCISTEÍNA,300,mg,por cada  3 mL,Solución inyectable,Ninguna
GEMCITABINA,L01BC05,GEMCITABINA,200,mg,,Polvo estéril para inyección,Cubierto para el tratamiento del  cáncer de pulmón.
TOXOIDE DIFTÉRICO-TETÁNICO,J07AM51,TETÁNICO  TOXOIDE;  COMBINACIONES CON TOXOIDE DIFTÉRICO,,,Incluye todas las concentraciones,Inyectable,Medicamentos para programas especiales en salud pública
ESOMEPRAZOL,A02BC05,ESOMEPRAZOL,10,mg,por cada  forma farmacéutica,Tableta con o sin recubrimiento,Ninguna
PIRIDOXINA CLORHIDRATO,A11HA02,PIRIDOXINA (VIT B6),50,mg,por cada  forma farmacéutica,Tableta con o sin recubrimiento,Ninguna
MANITOL,B05BC01,MANITOL,20,por ciento,,Solución inyectable,Ninguna
VACUNA CONTRA HAEMOPHILUS INFLUENZAE,J07AG01,HAEMOPHILUS INFLUENZAE B; ANTÍGENO PURIFICADO CONJUGADO,,,Incluye todas las concentraciones,Inyectable,Medicamentos para programas especiales en salud pública
LEVONORGESTREL + ETINILESTRADIOL,G03AA07,LEVONORGESTREL Y ESTRÓGENO,(150 + 30),mcg,por cada  forma farmacéutica,Tableta con o sin recubrimiento,Ninguna
METOCLOPRAMIDA (CLORHIDRATO),A03FA01,METOCLOPRAMIDA,10,mg,por cada  2 mL de base,Solución inyectable,Ninguna
ENTACAPONA + CARVIDOPA + LEVODOPA,N04BA03,LEVODOPA;  INHIBIDOR DE LA DECARBOXILASA E INHIBIDOR DE LA COMT,(200 + 18.75 + 75),mg,por cada  forma farmacéutica,Tableta con o sin recubrimiento,Cubierto para el tratamiento de la enfermedad de parkinson moderada o severa sin respuesta a tratamientos en fases iniciales o con síntomas de fin de dosis.
ATAZANAVIR,J05AE08,ATAZANAVIR,300,mg,por cada cápsula,Cápsula,Según las guías de práctica clínica para la prevención; diagnóstico y tratamiento de pacientes con vih-sida.
METOCARBAMOL,M03BA03,METOCARBAMOL,750,mg,por cada  forma farmacéutica,Tableta con o sin recubrimiento,Ninguna
KETOTIFENO,R06AX17,KETOTIFENO,1,mg,por cada  5 mL (0.02 por ciento),Jarabe,Ninguna
METOTREXATO SÓDICO,L01BA01,METOTREXATO,500,mg,,Polvo estéril para inyección,Ninguna
NITROGLICERINA,C01DA02,TRINITRATO DE GLICERILO,0.5,por ciento,,Solución inyectable,Ninguna
RIVASTIGMINA,N06DA03,RIVASTIGMINA,18,mg,por cada  parche,Parche,Cubierto en el manejo de la demencia.
CLOTRIMAZOL,D01AC01,CLOTRIMAZOL,10,mg,por cada  mL (1 por ciento),Solución tópica,Ninguna
AMOXICILINA - CLAVULANATO,J01CR02,AMOXICILINA E INHIBIDORES DE LA ENZIMA,(250 + 125),mg,por cada  tableta,Tableta,Uso exclusivo para tratamiento de neumonía
HIDROXICINA,N05BB01,HIDROXIZINA,100,mg,por cada  2 mL,Solución inyectable,Ninguna
SALBUTAMOL (SULFATO),R03CC02,SALBUTAMOL,0.5,mg,por cada  mL,Solución inyectable,Ninguna
SODIO DIATRIZOATO + MEGLUMINA DIATRIZOATO,V08AA01,ÁCIDO DIATRIZOICO,(10 + 66),por ciento,,Solución oral,Ninguna
ETOPÓSIDO,L01CB01,ETOPÓSIDO,100,mg,por cada  5 mL,Solución inyectable,Ninguna
PENICILINA G SÓDICA O POTÁSICA CRISTALINA,J01CE01,BENCILPENICILINA,5.000.000,U.I.,,Polvo estéril para inyección,Ninguna
ISONIAZIDA,J04AC01,ISONIAZIDA,100,mg,por cada  forma farmacéutica,Tableta con o sin recubrimiento,Medicamentos para programas especiales en salud pública
INSULINA ASPARTA,A10AB05,INSULINA ASPARTA,100,U.I.,por cada  mL,Solución inyectable,Ninguna
TRAMADOL CLORHIDRATO,N02AX02,TRAMADOL,100,mg,por cada  2mL,Solución inyectable,Ninguna
MORFINA,N02AA01,MORFINA,30,mg,por cada  mL (3 por ciento),Solución oral,Ninguna
ARTESUNATO,P01BE03,ARTESUNATO,,,Incluye todas las concentraciones,Supositorio,Medicamentos para programas especiales en salud pública
FRACCIÓN PROTEICA DEL PLASMA HUMANO,B05AA02,OTRAS FRACCIONES PROTEICAS DEL PLASMA,No menos del 4,por ciento,,Solución inyectable,Ninguna
IBUPROFENO,M01AE01,IBUPROFENO,600,mg,por cada  forma farmacéutica,Tableta con o sin recubrimiento,Ninguna
ENFLURANO,N01AB04,ENFLURANO,,,Sustancia pura,Solución para inhalación,Ninguna
SERTRALINA,N06AB06,SERTRALINA,50,mg,por cada  forma farmacéutica,Tableta con o sin recubrimiento,Ninguna
DICLOXACILINA,J01CF01,DICLOXACILINA,125,mg,por cada  5 mL (2.5 por ciento),Polvo para reconstituir a suspensión oral,Ninguna
DOXAZOSINA,C02CA04,DOXAZOSINA,2,mg,por cada  forma farmacéutica,Tableta con o sin recubrimiento,Como alternativa en el tratamiento de la hipertensión arterial.
HALOPERIDOL,N05AD01,HALOPERIDOL,5,mg,por cada  forma farmacéutica,Tableta con o sin recubrimiento,Ninguna
BIPERIDENO LACTATO,N04AA02,BIPERIDENO,5,mg,por cada  mL,Solución inyectable,Ninguna
CLORANFENICOL (SUCCINATO SÓDICO),J01BA01,CLORANFENICOL,1,g,de base,Polvo estéril para inyección,Ninguna
ERGOMETRINA (ERGONOVINA) MALEATO,G02AB03,ERGOMETRINA,0.2,mg,por cada  mL,Solución inyectable,Ninguna
EFAVIRENZ,J05AG03,EFAVIRENZ,50,mg,por cada cápsula,Cápsula,Ninguna
CLARITROMICINA,J01FA09,CLARITROMICINA,500,mg,por cada  forma farmacéutica,Tableta con o sin recubrimiento,Cubierta para el tratamiento de neumonía.
LIDOCAÍNA CLORHIDRATO,N01BB02,LIDOCAÍNA,10,por ciento,,Aerosol,Ninguna
CICLOSPORINA,L04AD01,CICLOSPORINA,50,mg,por cada cápsula,Cápsula,Ninguna
LEVOMEPROMAZINA,N05AA02,LEVOMEPROMAZINA,25,mg,por cada  mL,Solución inyectable,Ninguna
CAPTOPRIL,C09AA01,CAPTOPRIL,50,mg,por cada  tableta,Tableta,Ninguna
INSULINA HUMANA,A10AE01,INSULINA (HUMANA),80 - 100,U.I.,por cada  mL,Suspensión inyectable,Ninguna
BENCILO BENZOATO,P03AX01,BENZOATO DE BENCILO,25,por ciento,,Loción,Ninguna
CLORANFENICOL (ESTEARATO O PALMITATO),J01BA01,CLORANFENICOL,125,mg,por cada  5 mL (2.5 por ciento),Suspensión oral,Ninguna
VACUNA CONTRA  STREPTOCOCO PNEUMONIAE,J07AL01,SUERO O INMUNOGLOBULINA ANTINEUMOCOCO,,,Incluye todas las concentraciones,Inyectable,Medicamentos para programas especiales en salud pública uso en población menor de 2 años de alto riesgo
CEFEPIMA,J01DE01,CEFEPIMA,2,g,,Polvo estéril para inyección,Ninguna
MEDROXIPROGESTERONA ACETATO,G03AC06,MEDROXIPROGESTERONA,50,mg,por cada  mL,Suspensión inyectable,Ninguna
FITOMENADIONA (VITAMINA K1),B02BA01,FITOMENADIONA,(0.2 - 1),por ciento,,Solución inyectable,Ninguna
BETAMETIL DIGOXINA,C01AA08,METILDIGOXINA,0.6,mg,por cada  mL (0.060 por ciento),Solución oral,Ninguna
DIHIDROCODEÍNA BITARTRATO,N02AA08,DIHIDROCODEÍNA,2.42,mg,por cada  mL (0.242 por ciento),Jarabe,Ninguna
TRAMADOL CLORHIDRATO,N02AX02,TRAMADOL,100,mg,por cada  mL (10 por ciento),Solución oral,Ninguna
HIDRALAZINA CLORHIDRATO,C02DB02,HIDRALAZINA,25,mg,por cada  forma farmacéutica,Tableta con o sin recubrimiento,Ninguna
CLORFENIRAMINA,R06AB04,CLORFENAMINA,2,mg,por cada  5 mL,Jarabe,Ninguna
IBANDRÓNICO ÁCIDO,M05BA06,ÁCIDO IBANDRÓNICO,6,mg,,Solución inyectable,De conformidad con la “guía para la prescripción de bifosfonatos”.
SODIO CLORURO,B05XA03,CLORURO DE SODIO,20,mEq,por cada  10 mL,Solución inyectable,Ninguna
ESTRÓGENOS CONJUGADOS O ASOCIADOS,G03CA57,ESTRÓGENOS CONJUGADOS,1.25,mg,por cada  forma farmacéutica,Tableta con o sin recubrimiento,Ninguna
FLUOROMETOLONA,S01BA07,FLUOROMETOLONA,0.1,por ciento,,Solución oftálmica,Ninguna
LEFLUNOMIDA,L04AA13,LEFLUNOMIDA,100,mg,por cada  forma farmacéutica,Tableta con o sin recubrimiento,Cubierto para el tratamiento de la artritis reumatoidea  moderada a severa.
ACETAMINOFÉN,N02BE01,PARACETAMOL,100,mg,por cada  mL (10 por ciento),Solución oral,Ninguna
CLARITROMICINA,J01FA09,CLARITROMICINA,125,mg,por cada  5mL (2.5 por ciento),Suspensión oral,Cubierta para el tratamiento de neumonía.
CISPLATINO,L01XA01,CISPLATINO,50,mg,,Polvo estéril para inyección,Ninguna
DIFENHIDRAMINA,R06AA02,DIFENHIDRAMINA,100,mg,por cada  10 mL,Solución inyectable,Ninguna
TIMOLOL MALEATO,S01ED01,TIMOLOL,2.5,mg,por cada  mL (0.25 por ciento),Solución oftálmica,Ninguna
FUROSEMIDA,C03CA01,FUROSEMIDA,40,mg,por cada  tableta,Tableta,Ninguna
ETANERCEPT,L04AB01,ETANERCEPT,25,mg,,Polvo estéril para inyección,Cubierto para el tratamiento de la artritis reumatoidea  moderada a severa.
ENTACAPONA + CARVIDOPA + LEVODOPA,N04BA03,LEVODOPA;  INHIBIDOR DE LA DECARBOXILASA E INHIBIDOR DE LA COMT,(200 + 31.25 + 125),mg,por cada  forma farmacéutica,Tableta con o sin recubrimiento,Cubierto para el tratamiento de la enfermedad de parkinson moderada o severa sin respuesta a tratamientos en fases iniciales o con síntomas de fin de dosis.
LEVONORGESTREL,G03AC03,LEVONORGESTREL,0.03,mg,por cada  forma farmacéutica,Tableta con o sin recubrimiento,Ninguna
SUERO ANTIOFÍDICO MONOVALENTE (BOTHROPS),J06AA03,SUERO ANTIOFÍDICO,,,Incluye todas las concentraciones,Inyectable,Ninguna
DIPIRONA,N02BB02,METAMIZOL SÓDICO (DIPIRONA),(40 - 50),por ciento,,Solución inyectable,Ninguna
FLUOROURACILO,L01BC02,FLUOROURACILO,500,mg,por cada  10 mL,Solución inyectable,Ninguna
MEROPENEM,J01DH02,MEROPENEM,500,mg,,Polvo estéril para inyección,Ninguna
PRIMIDONA,N03AA03,PRIMIDONA,250,mg,por cada  tableta,Tableta,Ninguna
PIRIMETAMINA + SULFADOXINA,P01BD51,PIRIMETAMINA  COMBINACIONES,(25 + 500),mg,por cada  Cápsula o tableta,Cápsula o tableta,Medicamentos para programas especiales en salud pública
ENTACAPONA + CARVIDOPA + LEVODOPA,N04BA03,LEVODOPA;  INHIBIDOR DE LA DECARBOXILASA E INHIBIDOR DE LA COMT,(200 + 50 + 200),mg,por cada  forma farmacéutica,Tableta con o sin recubrimiento,Cubierto para el tratamiento de la enfermedad de parkinson moderada o severa sin respuesta a tratamientos en fases iniciales o con síntomas de fin de dosis.
PRALIDOXIMA,V03AB04,PRALIDOXIMA,2,por ciento,,Polvo estéril para inyección,Ninguna
BIPERIDENO CLORHIDRATO,N04AA02,BIPERIDENO,2,mg,por cada  tableta,Tableta,Ninguna
AMOXICILINA,J01CA04,AMOXICILINA,500,mg,de base por cada forma farmacéutica,Tableta con o sin recubrimiento,Ninguna
ACETAMINOFÉN,N02BE01,PARACETAMOL,500,mg,por cada  forma farmacéutica,Tableta con o sin recubrimiento,Ninguna
HALOPERIDOL,N05AD01,HALOPERIDOL,2,mg,por cada  mL (0.2 por ciento),Solución oral,Ninguna
AMIODARONA CLORHIDRATO,C01BD01,AMIODARONA,150,mg,,Solución inyectable,Ninguna
FOLINATO DE CALCIO,V03AF03,FOLINATO DE CALCIO,15,mg,por cada  tableta,Tableta,Ninguna
MEDROXIPROGESTERONA ACETATO,G03AC06,MEDROXIPROGESTERONA,5,mg,por cada  forma farmacéutica,Tableta con o sin recubrimiento,Ninguna
CLOTRIMAZOL,G01AF02,CLOTRIMAZOL,1,por ciento,,Crema vaginal,Ninguna
VERAPAMILO CLORHIDRATO,C08DA01,VERAPAMILO,80,mg,por cada  forma farmacéutica,Tableta con o sin recubrimiento,Ninguna
ACETILCISTEÍNA,R05CB01,ACETILCISTEÍNA,10,por ciento,,Solución para inhalación,Ninguna
FUROSEMIDA,C03CA01,FUROSEMIDA,20,mg,por cada  2 mL,Solución inyectable,Ninguna
CARBAMAZEPINA,N03AF01,CARBAMAZEPINA,200,mg,por cada  forma farmacéutica,Tableta con o sin recubrimiento,Ninguna
ESPIRAMICINA,J01FA02,ESPIRAMICINA,3000000,U.I.,por cada  forma farmacéutica,Tableta con o sin recubrimiento,Cubierto para el tratamiento de la toxoplasmosis
FACTOR ANTIHEMOFÍLICO,B02BD04,FACTOR IX DE LA COAGULACIÓN,No menos de 100,U.I.,de factor IX,Polvo estéril para inyección,Ninguna
MAGNESIO SULFATO,B05XA05,SULFATO DE MAGNESIO,20,por ciento,,Solución inyectable,Ninguna
DOPAMINA CLORHIDRATO,C01CA04,DOPAMINA,200,mg,por cada  5 mL,Solución inyectable,Ninguna
PENICILINA G SÓDICA O POTÁSICA CRISTALINA,J01CE01,BENCILPENICILINA,1.000.000,U.I.,,Polvo estéril para inyección,Ninguna
TERBUTALINA SULFATO,R03AC03,TERBUTALINA,1,por ciento,,Solución para nebulización,Ninguna
RIFAMPICINA + ISONIAZIDA,J04AM02,RIFAMPICINA E ISONIAZIDA,(150 + 150),mg,por cada  forma farmacéutica,Tableta con o sin recubrimiento,Medicamentos para programas especiales en salud pública
NAPROXENO,M01AE02,NAPROXENO,150,mg,por cada  5mL (3 por ciento),Suspensión oral,Ninguna
POTASIO CLORURO,B05XA01,CLORURO DE POTASIO,20,mEq,por cada  10 mL,Solución inyectable,Ninguna
GELATINA ABSORBIBLE ESTÉRIL,B02BC01,GELATINA ABSORBENTE  ESPONJA CON,,,Esponja,Esponja,Ninguna
MICOFENOLATO,L04AA06,ÁCIDO MICOFENÓLICO,500,mg,por cada  forma farmacéutica,Tableta con o sin recubrimiento,Cubierto en el trasplante de hígado o corazón o riñón.
GEMFIBROZIL,C10AB04,GENFIBROZILO,600,mg,por cada  forma farmacéutica,Tableta con o sin recubrimiento,Ninguna
MELFALAN,L01AA03,MELFALAN,2,mg,por cada  tableta,Tableta,Ninguna
RIFAMPICINA,J04AB02,RIFAMPICINA,300,mg,por cada  forma farmacéutica,Tableta con o sin recubrimiento,Medicamentos para programas especiales en salud pública
AGUA ESTÉRIL PARA INYECCIÓN,V07AB99,AGENTES SOLVENTES Y DILUYENTES INCL. SOLUCIONES PARA IRRIGACIÓN,1; 2; 5 y 10,mL,,Solución inyectable,Ninguna
CLODRONATO DISÓDICO.,M05BA02,ÁCIDO CLODRÓNICO,300,mg,,Solución inyectable,Ninguna
AMINOÁCIDOS ESENCIALES CON O SIN ELECTROLITOS,B05BA01,AMINOÁCIDOS,,,Incluye todas las concentraciones,Solución inyectable,Ninguna
PENICILAMINA,M01CC01,PENICILAMINA,250,mg,por cada  cápsula o tableta,Cápsula o tableta,Ninguna
CARVEDILOL,C07AG02,CARVEDILOL,12.5,mg,por cada  forma farmacéutica,Tableta con o sin recubrimiento,Cubierto para el tratamiento de la hipertensión arterial e insuficiencia cardiaca congestiva
ERITROMICINA (ETILSUCCINATO O ESTEARATO),J01FA01,ERITROMICINA,250,mg,por cada  5 mL de base (5 por ciento),Polvo para reconstituir a suspensión oral,Ninguna
PACLITAXEL,L01CD01,PACLITAXEL,100 - 150,mg,,Solución inyectable,Ninguna
FLUORESCEÍNA SÓDICA,S01JA01,FLUORESCEÍNA,2,por ciento,,Solución oftálmica,Ninguna
METRONIDAZOL,P01AB01,METRONIDAZOL,500,mg,por cada  forma farmacéutica,Tableta con o sin recubrimiento,Ninguna
ACICLOVIR,J05AB01,ACICLOVIR,200,mg,por cada  forma farmacéutica,Tableta con o sin recubrimiento,Ninguna
QUININA SULFATO,P01BC01,QUININA,600,mg,por cada cápsula,Cápsula,Medicamentos para programas especiales en salud pública
HIDROCORTISONA (ACETATO),D07AA02,HIDROCORTISONA,1,por ciento,,Crema,Ninguna
NEVIRAPINA,J05AG01,NEVIRAPINA,200,mg,por cada  forma farmacéutica,Tableta con o sin recubrimiento,Ninguna
RISPERIDONA,N05AX08,RISPERIDONA,4,mg,por cada  forma farmacéutica,Tableta con o sin recubrimiento,Cubierto para el tratamiento de la esquizofrenia
ENTACAPONA + CARVIDOPA + LEVODOPA,N04BA03,LEVODOPA;  INHIBIDOR DE LA DECARBOXILASA E INHIBIDOR DE LA COMT,(200 + 12.5 +  50),mg,por cada  forma farmacéutica,Tableta con o sin recubrimiento,Cubierto para el tratamiento de la enfermedad de parkinson moderada o severa sin respuesta a tratamientos en fases iniciales o con síntomas de fin de dosis.
TINIDAZOL,P01AB02,TINIDAZOL,1,g,por cada  5 mL (20 por ciento),Suspensión oral,Ninguna
PAMIDRONATO DISÓDICO,M05BA03,ÁCIDO PAMIDRÓNICO,90,mg,,Polvo estéril para inyección,Uso de conformidad con la “guía para la prescripción de bifosfonatos”.
FENOBARBITAL,N03AA02,FENOBARBITAL,50,mg,por cada  tableta,Tableta,Ninguna
LIDOCAINA CLORHIDRATO + DEXTROSA (PESADA),N01BB52,LIDOCAÍNA COMBINACIONES,(5 + 7.5),por ciento,,Solución inyectable,Ninguna
BROMOCRIPTINA,G02CB01,BROMOCRIPTINA,2.5,mg,por cada  forma farmacéutica,Tableta con o sin recubrimiento,Ninguna
CEFUROXIMA,J01DC02,CEFUROXIMA,250,mg,por cada  5mL,Suspensión oral,Cubierta para el tratamiento de neumonía.
NEVIRAPINA,J05AG01,NEVIRAPINA,50,mg,por cada  5 mL,Suspensión oral,Ninguna
ISOSORBIDE DINITRATO,C01DA08,DINITRATO DE ISOSORBIDA,5,mg,por cada  tableta sublingual,Tableta sublingual,Ninguna
METOCLOPRAMIDA (CLORHIDRATO),A03FA01,METOCLOPRAMIDA,4,mg,por cada  mL de base (0.4 por ciento),Solución oral,Ninguna
CARVEDILOL,C07AG02,CARVEDILOL,6.25,mg,por cada  forma farmacéutica,Tableta con o sin recubrimiento,Cubierto para el tratamiento de la hipertensión arterial e insuficiencia cardiaca congestiva
LEVONORGESTREL,G03AC03,LEVONORGESTREL,52,mg,Dispositivo Intrauterino,Dispositivo intrauterino.,Cubierto para el tratamiento de menorragia idiopática ajustada a los criterios definidos por la figo (federación internacional de ginecología y obstetricia) es decir donde el aumento del sangrado menstrual sea superior a 80 ml por ciclo en un periodo no inferior a 6 meses y en el que se descarte embarazo y lesiones físicas como pólipoo adenomiosis o  leiomiomas o hiperplasia y sobre todo cáncer.
AMINOFILINA,R03DA05,AMINOFILINA,100,mg,por cada  forma farmacéutica,Tableta con o sin recubrimiento,Ninguna
VINCRISTINA SULFATO,L01CA02,VINCRISTINA,1,mg,por cada  mL,Solución inyectable,Ninguna
OLANZAPINA,N05AH03,OLANZAPINA,10,mg,por cada  forma farmacéutica,Tableta con o sin recubrimiento,Cubierto para el tratamiento de la esquizofrenia
ABACAVIR,J05AF06,ABACAVIR,300,mg,por cada  forma farmacéutica,Tableta con o sin recubrimiento,Ninguna
PROPILTIOURACILO,H03BA02,PROPILTIOURACILO,50,mg,por cada  tableta,Tableta,Ninguna
HIDROMORFONA CLORHIDRATO,N02AA03,HIDROMORFONA,5,mg,por cada  forma farmacéutica,Tableta con o sin recubrimiento,Ninguna
ALENDRÓNICO ÁCIDO.,M05BA04,ÁCIDO ALENDRÓNICO,(10 - 70),mg,por cada  forma farmacéutica,Tableta con o sin recubrimiento,Uso exclusivo pacientes post menopáusicas para prevención secundaria de fracturas.
MILRINONA,C01CE02,MILRINONA,1,mg,por cada  mL,Solución inyectable,Ninguna
TALIDOMIDA,L04AX02,TALIDOMIDA,100,mg,por cada  forma farmacéutica,Tableta con o sin recubrimiento,Medicamentos para programas especiales en salud pública
VERAPAMILO CLORHIDRATO,C08DA01,VERAPAMILO,5,mg,por cada  2 mL,Solución inyectable,Ninguna
MIDAZOLAM,N05CD08,MIDAZOLAM,5,mg,por cada  mL,Solución inyectable,Ninguna
TECLOZÁN,P01AC04,TECLOZÁN,500,mg,por cada  tableta,Tableta,Ninguna
SODIO HIPOSULFITO,V03AB06,TIOSULFATO,5,g,por cada  110 mL,Solución inyectable,Ninguna
LAMOTRIGINA,N03AX09,LAMOTRIGINA,25,mg,por cada  forma farmacéutica,Tableta con o sin recubrimiento,Cubierto para el tratamiento de la epilepsia refractaria.
TIAMINA,A11DA01,TIAMINA (VIT B1),300,mg,por cada  forma farmacéutica,Tableta con o sin recubrimiento,Ninguna
CIPROFLOXACINA (CLORHIDRATO),J01MA02,CIPROFLOXACINO,500,mg,de base por cada forma farmacéutica,Tableta con o sin recubrimiento,Ninguna
DIDANOSINA,J05AF02,DIDANOSINA,400,mg,por cada  cápsula de liberación programada,Cápsula de liberación programada,Según las “guías de práctica clínica para la prevención; diagnóstico y tratamiento de pacientes con vih-sida”.
RIVASTIGMINA,N06DA03,RIVASTIGMINA,6,mg,cápsula,Cápsula,Cubierto en el manejo de la demencia.
ATORVASTATINA,C10AA05,ATORVASTATINA,10,mg,por cada  forma farmacéutica,Tableta con o sin recubrimiento,Ninguna
GENTAMICINA (SULFATO),J01GB03,GENTAMICINA,20,mg,por cada  2 mL de base,Solución inyectable,Ninguna
CEFALEXINA,J01DB01,CEFALEXINA,125,mg,por cada  5 mL (2.5 por ciento),Polvo para reconstituir a suspensión oral,Ninguna
INDINAVIR,J05AE02,INDINAVIR,400,mg,por cada  cápsula o tableta,Cápsula o tableta,Ninguna
TIORIDAZINA CLORHIDRATO,N05AC02,TIORIDAZINA,200,mg,por cada  tableta de liberación programada,Tableta de liberación programada,Ninguna
FURAZOLIDONA,G01AX06,FURAZOLIDONA,100,mg,por cada  tableta,Tableta,Ninguna
ENALAPRIL MALEATO,C09AA02,ENALAPRIL,5,mg,por cada  tableta,Tableta,Ninguna
SUCCINILCOLINA,M03AB01,SUXAMETONIO,1000,mg,por cada  10 mL (10 por ciento),Solución inyectable,Ninguna
PODOFILINA,D10AX95,PODOFILOTOXINA,20,g,,Solución tópica,Ninguna
DICLOXACILINA,J01CF01,DICLOXACILINA,250,mg,por cada  5 mL (5 por ciento),Polvo para reconstituir a suspensión oral,Ninguna
SODIO BICARBONATO,B05XA02,BICARBONATO DE SODIO,10,mEq,por cada  10 mL,Solución inyectable,Ninguna
ESTRADIOL VALERATO,G03CA03,ESTRADIOL,2,mg,por cada  forma farmacéutica,Tableta con o sin recubrimiento,Ninguna
OXITOCINA,H01BB02,OXITOCINA,5,U.I.,por cada  mL,Solución inyectable,Ninguna
RITONAVIR,J05AE03,RITONAVIR,80,mg,por cada  mL,Jarabe,Ninguna
METOPROLOL TARTRATO,C07AB02 ,METOPROLOL,1,mg,por cada  mL,Solución inyectable,Ninguna
TIOGUANINA,L01BB03,TIOGUANINA,40,mg,por cada  forma farmacéutica,Tableta con o sin recubrimiento,Ninguna
CORTICOIDE CON O SIN ANESTÉSICO,C05AA01,HIDROCORTISONA,,,Incluye todas las concentraciones,Ungüento proctológico,Ninguna
ZOLEDRÓNICO ÁCIDO,M05BA08,ÁCIDO ZOLEDRÓNICO,5,mg,,Polvo estéril para inyección,Cubierto en el tratamiento de la enfermedad ósea de paget. Tratamiento de la osteoporosis en mujeres post-menopáusicas para reducir la incidencia a fracturas vertebrales; de la cadera y otras fracturas no vertebrales; y para incrementar la densidad mineral ósea. Tratamiento de la osteoporosis en varones. Prevención de fracturas clínicas tras una fractura de cadera en varones y mujeres.
OXÍGENO,V03AN01,OXÍGENO,,,Gas,Gas,Ninguna
METOXALENO,D05BA02,METOXSALENO,10,mg,por cada  forma farmacéutica,Tableta con o sin recubrimiento,Ninguna
NIMODIPINA,C08CA06,NIMODIPINA,30,mg,por cada  forma farmacéutica,Tableta con o sin recubrimiento,Ninguna
TETRACAÍNA CLORHIDRATO,S01HA30,TETRACAÍNA,5,mg,por cada  mL (0.5 por ciento),Solución oftálmica,Ninguna
CARBÓN ACTIVADO,A07BA01,CARBÓN MEDICINAL,,,en Polvo,Polvo,Ninguna
FLUOROURACILO,L01BC02,FLUOROURACILO,5,por ciento,,Ungüento ó crema ó gel,Ninguna
PILOCARPINA CLORHIDRATO O NITRATO,S01EB01,PILOCARPINA,20,mg,por cada  mL (2 por ciento),Solución oftálmica,Ninguna
PIRANTEL (EMBONATO O PAMOATO),P02CC01,PIRANTEL,250,mg,por cada  5 mL como base (5 por ciento),Suspensión oral,Ninguna
ESPIRONOLACTONA,C03DA01,ESPIRONOLACTONA,25,mg,por cada  forma farmacéutica,Tableta con o sin recubrimiento,Ninguna
LOSARTÁN POTÁSICO - HIDROCLOROTIAZIDA,C09DA01,LOSARTÁN Y DIURÉTICOS,(50 + 12.5),mg,por cada  forma farmacéutica,Tableta con o sin recubrimiento,Ninguna
FENTANILO CITRATO,N02AB03,FENTANILO,0.05,mg,por cada  mL (0.005 por ciento),Solución inyectable,Ninguna
NELFINAVIR,J05AE04,NELFINAVIR,50,mg,por cada  mL,Suspensión oral,Ninguna
BOSENTÁN,C02KX01,BOSENTÁN,125,mg,por cada  forma farmacéutica,Tableta con o sin recubrimiento,Ninguna
NALOXONA CLORHIDRATO,V03AB15,NALOXONA,0.4,mg,por cada  mL,Solución inyectable,Ninguna
TIOACETAZONA + ISONIAZIDA,J04AM04,TIOACETAZONA E ISONIAZIDA,(150 + 300),mg,por cada  tableta,Tableta,Medicamentos para programas especiales en salud pública
LOSARTÁN POTÁSICO,C09CA01,LOSARTÁN,50,mg,por cada  forma farmacéutica,Tableta con o sin recubrimiento,Ninguna
PENICILINA FENOXIMETÍLICA (Y SALES),J01CE02,FENOXIMETILPENICILINA,(500 a 650),mg,por cada  forma farmacéutica,Tableta con o sin recubrimiento,Ninguna
GLUCAGÓN,H04AA01,GLUCAGÓN,1,mg,,Polvo estéril para inyección,Cubierto para el tratamiento de las crisis hipoglicémicas en pacientes con diagnóstico de diabetes tipo i
KETOTIFENO,R06AX17,KETOTIFENO,1,mg,por cada  tableta,Tableta,Ninguna
TIORIDAZINA CLORHIDRATO,N05AC02,TIORIDAZINA,25,mg,por cada  forma farmacéutica,Tableta con o sin recubrimiento,Ninguna
CAPTOPRIL,C09AA01,CAPTOPRIL,25,mg,por cada  tableta,Tableta,Ninguna
CEFAZOLINA,J01DB04,CEFAZOLINA,1,g,,Polvo estéril para inyección,Ninguna
DICLOXACILINA,J01CF01,DICLOXACILINA,500,mg,por cada cápsula,Cápsula,Ninguna
TAMOXIFENO (CITRATO),L02BA01,TAMOXIFENO,10,mg,de base por cada forma farmacéutica,Tableta con o sin recubrimiento,Ninguna
DEXAMETASONA (ACETATO),H02AB02,DEXAMETASONA,8,mg,por cada  mL de base,Suspensión inyectable,Ninguna
NIFEDIPINA,C08CA05,NIFEDIPINA,30,mg,por cada  tableta ó cápsula de liberación programada.,Tableta ó cápsula de liberación programada.,Ninguna
VANCOMICINA (CLORHIDRATO),J01XA01,VANCOMICINA,500,mg,de base,Polvo estéril para inyección,Ninguna
SARAMPIÓN; RUBÉOLA; PAPERAS (SRP),J07BD52,SARAMPIÓN  VIRUS VIVO ATENUADO COMBINADO CON LA VACUNA CONTRA LA PAROTIDITIS Y LA RUBÉOLA,,,Incluye todas las concentraciones,Solución inyectable,Medicamentos para programas especiales en salud pública
BISACODILO,A06AB02,BISACODILO,5,mg,por cada  forma farmacéutica,Tableta con o sin recubrimiento,Ninguna
CICLOSPORINA,L04AD01,CICLOSPORINA,100,mg,por cada cápsula,Cápsula,Ninguna
DACARBAZINA,L01AX04,DACARBAZINA,200,mg,,Polvo estéril para inyección,Ninguna
BECLOMETASONA DIPROPIONATO,R01AD01,BECLOMETASONA,50,mcg,por cada  dosis,Solución o suspensión para inhalación (aerosol) nasal o bucal,Ninguna
AMINOFILINA,R03DA05,AMINOFILINA,240,mg,por cada  10 mL,Solución inyectable,Ninguna
CLOROQUINA (DIFOSFATO O SULFATO),P01BA01,CLOROQUINA,420,mg,por cada  5 mL de base,Solución inyectable,Medicamentos para programas especiales en salud pública
ESOMEPRAZOL,A02BC05,ESOMEPRAZOL,40,mg,por cada  forma farmacéutica,Tableta con o sin recubrimiento,Ninguna
TIROFIBÁN,B01AC17,TIROFIBÁN,0.25,mg,por cada  mL,Solución inyectable,Cubierto en el tratamiento del evento coronario agudo.
ESTREPTOQUINASA,B01AD01,ESTREPTOQUINASA,1.500.000,U.I.,,Polvo estéril para inyección,Ninguna
NORETINDRONA + ETINILESTRADIOL,G03FA01,NORESTISTERONA Y ESTRÓGENO,(1 + 35),mg + mcg,por cada  forma farmacéutica,Tableta con o sin recubrimiento,Ninguna
DOBUTAMINA,C01CA07,DOBUTAMINA,250,mg,por cada  20 mL,Solución inyectable,Ninguna
RIFAMPICINA + ISONIAZIDA,J04AM02,RIFAMPICINA E ISONIAZIDA,(300 + 150),mg,por cada  forma farmacéutica,Tableta con o sin recubrimiento,Medicamentos para programas especiales en salud pública
SERTRALINA,N06AB06,SERTRALINA,100,mg,por cada  forma farmacéutica,Tableta con o sin recubrimiento,Ninguna
FENOBARBITAL,N03AA02,FENOBARBITAL,20,mg,por cada  5 mL (0.4 por ciento),Elixir,Ninguna
METRONIDAZOL (BENZOÍLO),P01AB01,METRONIDAZOL,125,mg,por cada  5 mL de base (2.5 por ciento),Suspensión oral,Ninguna
BOSENTÁN,C02KX01,BOSENTÁN,62.5,mg,por cada  forma farmacéutica,Tableta con o sin recubrimiento,Ninguna
AZITROMICINA,J01FA10,AZITROMICINA,500,mg,por cada  forma farmacéutica,Tableta con o sin recubrimiento,Cobertura para el tratamiento de neumonía
PIRANTEL (EMBONATO O PAMOATO),P02CC01,PIRANTEL,250,mg,como base por cada cápsula o tableta,Cápsula o tableta,Ninguna
SURFACTANTE PULMONAR (FOSFOLÍPIDOS),R07AA02  ,FOSFOLÍPIDOS NATURALES,25-80,mg,por cada  mL,Suspensión oftálmica,Ninguna
LATANOPROST,S01EE01,LATANOPROST,0.05,mg,por cada  mL,Solución oftálmica,Ninguna
RINGER,B05XA30,COMBINACIONES DE ELECTROLITOS,,,Incluye todas las concentraciones,Solución inyectable,Ninguna
GENTAMICINA (SULFATO),J01GB03,GENTAMICINA,40,mg,por cada  mL de base,Solución inyectable,Ninguna
VACUNA CONTRA NEUMOCOCO,J07AL01,SUERO O INMUNOGLOBULINA ANTINEUMOCOCO,,,Incluye todas las concentraciones,Solución inyectable,Según las “guías de práctica clínica para la prevención; diagnóstico y tratamiento de pacientes con vih-sida”.
MORFINA CLORHIDRATO,N02AA01,MORFINA,3,por ciento,,Solución inyectable,Ninguna
AMLODIPINO,C08CA01,AMLODIPINA,5,mg,por cada  forma farmacéutica,Tableta con o sin recubrimiento,Ninguna
OXIMETAZOLINA,R01AA05,OXIMETAZOLINA,0.25,mg,por cada  mL (0.025 por ciento),Solución nasal,Ninguna
METRONIDAZOL,J01XD01,METRONIDAZOL,500,mg,por cada  100 mL,Solución inyectable,Ninguna
RIFABUTINA,J04AB04,RIFABUTINA,250,mg,por cada  forma farmacéutica,Tableta con o sin recubrimiento,Medicamentos para programas especiales en salud pública
ERITROPOYETINA,B03XA01,ERITROPOYETINA,4000,U.I.,,Polvo estéril para inyección,Ninguna
RANITIDINA (CLORHIDRATO),A02BA02,RANITIDINA,150,mg,de base por cada forma farmacéutica,Tableta con o sin recubrimiento,Ninguna
LOVASTATINA,C10AA02,LOVASTATINA,20,mg,por cada  tableta,Tableta,Ninguna
CLOROQUINA (DIFOSFATO O SULFATO),P01BA01,CLOROQUINA,25,mg,por cada  5 mL de base (0.5 por ciento),Jarabe,Medicamentos para programas especiales en salud pública
IOVERSOL,V08AB07,IOVERSOL,320,mg,de iodo,Solución inyectable,Ninguna
CICLOFOSFAMIDA,L01AA01,CICLOFOSFAMIDA,50,mg,por cada  forma farmacéutica,Tableta con o sin recubrimiento,Ninguna
METOTREXATO SÓDICO,L01BA01,METOTREXATO,50,mg,,Polvo estéril para inyección,Ninguna
CEFRADINA,J01DB09,CEFRADRINA,1,g,,Polvo estéril para inyección,Ninguna
INTERFERON ALFA,L03AB01,INTERFERÓN ALFA NATURAL,Millones de,U.I.,,Polvo estéril para inyección,Ninguna
PRAZOSINA,C02CA01,PRAZOSINA,1,mg,por cada  tableta,Tableta,Ninguna
ACICLOVIR,J05AB01,ACICLOVIR,250,mg,,Polvo estéril para inyección,Ninguna
PIPOTIAZINA PALMITATO,N05AC04,PIPOTIAZINA,25,mg,por cada  mL,Solución inyectable,Ninguna
TINIDAZOL,P01AB02,TINIDAZOL,500,mg,por cada  forma farmacéutica,Tableta con o sin recubrimiento,Ninguna
ESTRÓGENOS CONJUGADOS,G03CA57,ESTRÓGENOS CONJUGADOS,25,mg,,Polvo estéril para inyección,Ninguna
NEOSTIGMINA METILSULFATO,N07AA01,NEOSTIGMINA,0.5,mg,por cada  mL,Solución inyectable,Ninguna
ZIDOVUDINA,J05AF01,ZIDOVUDINA,300,mg,por cada  forma farmacéutica,Tableta con o sin recubrimiento,Ninguna
CROTAMITÓN,D04AX99,OTROS ANTIPRURIGINOSOS,10,por ciento,,Loción,Ninguna
GLIBENCLAMIDA,A10BB01,GLIBENCLAMIDA,5,mg,por cada  forma farmacéutica,Tableta con o sin recubrimiento,Ninguna
BENZONIDAZOL,P01CA02,BENZONIDAZOL,100,mg,por cada  mL,Suspensión oral,Medicamentos para programas especiales en salud pública
CICLOSPORINA,L04AD01,CICLOSPORINA,25,mg,por cada cápsula,Cápsula,Ninguna
SALBUTAMOL (SULFATO),R03AC02,SALBUTAMOL,0.5,por ciento,,Solución para nebulización,Ninguna
TROPICAMIDA,S01FA56,TROPICAMIDA,10,mg,por cada  mL (1 por ciento),Solución oftálmica,Ninguna
METIMAZOL,H03BB02,TIAMAZOL,5,mg,por cada  tableta,Tableta,Ninguna
CLINDAMICINA (FOSFATO),D10AF01,CLINDAMICINA,15,por ciento,,Solución inyectable,Ninguna
NORFLOXACINA,J01MA06,NORFLOXACINO,400,mg,por cada  forma farmacéutica,Tableta con o sin recubrimiento,Ninguna
ESTREPTOQUINASA,B01AD01,ESTREPTOQUINASA,750,U.I.,,Polvo estéril para inyección,Ninguna
CLONAZEPAM,N03AE01,CLONAZEPAM,2.5,mg,por cada  mL,Solución oral,Ninguna
SAQUINAVIR,J05AE01,SAQUINAVIR,500,mg,por cada  forma farmacéutica,Tableta con o sin recubrimiento,Según las “guías de práctica clínica para la prevención; diagnóstico y tratamiento de pacientes con vih-sida”.
TEOFILINA,R03DA04,TEOFILINA,125,mg,por cada  cápsula o tableta de liberación programada,Cápsula o tableta de liberación programada,Ninguna
DIMENHIDRINATO,N07CA91,PREPARADOS CONTRA EL VÉRTIGO,50,mg,por cada  tableta,Tableta,Ninguna
INSULINA GLARGINA,A10AE04,INSULINA GLARGINA,100,U.I.,por cada  mL,Solución inyectable,Ninguna
NISTATINA,A07AA02,NISTATINA,500000,U.I.,por cada  forma farmacéutica,Tableta con o sin recubrimiento,Ninguna
VECURONIO BROMURO,M03AC03,VECURONIO,10,mg,,Polvo estéril para inyección,Ninguna
ARTEMETER + LUMENFANTRINE,P01BE52,ARTEMETER COMBINACIONES,(20 + 120),mg,por cada  forma farmacéutica,Tableta con o sin recubrimiento,Medicamentos para programas especiales en salud pública
LOSARTÁN POTÁSICO - HIDROCLOROTIAZIDA,C09DA01,LOSARTÁN Y DIURÉTICOS,(100 + 25),mg,por cada  forma farmacéutica,Tableta con o sin recubrimiento,Ninguna
MICOFENOLATO,L04AA06,ÁCIDO MICOFENÓLICO,180,mg,por cada  forma farmacéutica,Tableta con o sin recubrimiento,Cubierto en el trasplante de hígado o corazón o riñón.
AZUL DE METILENO,V03AB17,CLORURO DE METILTIONINIO,10,mg,por cada  mL,Solución inyectable,Preparación magistral.
FACTOR ANTIHEMOFÍLICO,B02BD02,FACTOR VIII DE LA COAGULACIÓN,No menos de 100,U.I.,de factor VIII,Polvo estéril para inyección,Ninguna
ARTESUNATO,P01BE03,ARTESUNATO,60,mg,,Solución inyectable,Medicamentos para programas especiales en salud pública
PROPARACAÍNA CLORHIDRATO,S01HA04  ,PROXIMETACAÍNA,5,mg,por cada  mL (0.5 por ciento),Solución oftálmica,Ninguna
CLONAZEPAM,N03AE01,CLONAZEPAM,2,mg,por cada  forma farmacéutica,Tableta con o sin recubrimiento,Ninguna
LEVOMEPROMAZINA,N05AA02,LEVOMEPROMAZINA,25,mg,por cada  forma farmacéutica,Tableta con o sin recubrimiento,Ninguna
CASPOFUNGINA,J02AX04,CASPOFUNGINA,70,mg,,Polvo estéril para inyección,Ninguna
SODIO FLUORURO ACIDULADO,A01AA01,FLUORURO DE SODIO,,,Incluye todas las concentraciones,Solución tópica,Ninguna
METOTREXATO SÓDICO,L01BA01,METOTREXATO,5,mg,por cada  2 mL.,Solución inyectable,Ninguna
GONADOTROPINA CORIÓNICA.,G03GA01,GONADOTROFINA CORIÓNICA,5000,U.I.,por cada  mL,Solución inyectable,Ninguna
SOLUCIONES PARA DIÁLISIS PERITONEAL,B05DA99,SOLUCIONES ISOTÓNICAS,,,Incluye todas las concentraciones,Solución estéril,Ninguna
FLUOXETINA,N06AB03,FLUOXETINA,20,mg,por cada  5 mL (como base),Solución oral,Ninguna
ASCÓRBICO ÁCIDO,A11GA01,ÁCIDO ASCÓRBICO (VIT C),500,mg,por cada  5 mL,Solución inyectable,Ninguna
FENOBARBITAL,N03AA02,FENOBARBITAL,10,mg,por cada  tableta,Tableta,Ninguna
DEXTROSA 50 POR CIENTO EN AGUA DESTILADA,B05BA03,CARBOHIDRATOS,55,g,por cada  100 mL o al 50 por ciento.,Solución inyectable,Ninguna
SUCRALFATO,A02BX02,SUCRALFATO,1,g,por cada  por forma farmacéutica.,Tableta con o sin recubrimiento,Ninguna
BUPIVACAÍNA CLORHIDRATO SIN PRESERVATIVOS,N01BB01,BUPIVACAÍNA,50,mg,por cada  10 mL (0.5 por ciento),Solución inyectable,Ninguna
PIPERACILINA Y TAZOBACTAM,J01CR05,PIPERACILINA E INHIBIDORES DE LA ENZIMA,4.5,g,,Polvo estéril para inyección,Ninguna
CEFALEXINA,J01DB01,CEFALEXINA,250,mg,por cada  5 mL (5 por ciento),Polvo para reconstituir a suspensión oral,Ninguna
TERBUTALINA SULFATO,R03CC03,TERBUTALINA,0.5,mg,por cada  mL,Solución inyectable,Ninguna
GENTAMICINA (SULFATO),S01AA11,GENTAMICINA,3,mg,por cada  mL de base (0.3 por ciento),Solución oftálmica,Ninguna
OMEPRAZOL,A02BC01,OMEPRAZOL,40,mg,por cada  forma farmacéutica,Tableta con o sin recubrimiento,Ninguna
AMOXICILINA,J01CA04,AMOXICILINA,250,mg,por cada  5 mL de base (5 por ciento),Polvo para reconstituir a suspensión oral,Ninguna
CLORANFENICOL SUCCINATO SÓDICO,S01AA01,CLORANFENICOL,0.5,por ciento,,Solución oftálmica,Ninguna
ISOSORBIDE DINITRATO,C01DA08,DINITRATO DE ISOSORBIDA,10,mg,por cada  tableta,Tableta,Ninguna
FENTANILO CITRATO,N01AH01,FENTANILO,0.05,mg,por cada  mL (0.005 por ciento),Solución inyectable,Ninguna
AMPICILINA SÓDICA + SULBACTAM SÓDICO,J01CA51,AMPICILINA COMBINACIONES,(1 + 0.5),g,,Polvo estéril para inyección,Ninguna
METOTREXATO SÓDICO,L01BA01,METOTREXATO,2.5,mg,de base por cada tableta,Tableta,Ninguna
DIDANOSINA,J05AF02,DIDANOSINA,25,mg,por cada  cápsula o tableta,Cápsula o tableta,Ninguna
VACUNA ANTIPOLIOMIELÍTICA,J07BF02,POLIOMIELITIS VACUNA ORAL VIRUS VIVO ATENUADO; MONOVALENTE,,,Incluye todas las concentraciones,Oral,Medicamentos para programas especiales en salud pública
BLEOMICINA (SULFATO),L01DC01,BLEOMICINA,15,U.I.,de base,Polvo estéril para inyección,Ninguna
AMPICILINA ANHIDRA O TRIHIDRATO,J01CA01,AMPICILINA,500,mg,por cada  forma farmacéutica,Tableta con o sin recubrimiento,Ninguna
ACETÍL SALICÍLICO ÁCIDO,B01AC06,ÁCIDO ACETILSALICÍLICO,100,mg,por cada  forma farmacéutica,Tableta con o sin recubrimiento,Ninguna
MEBENDAZOL,P02CA01,MEBENDAZOL,100,mg,por cada  5 mL (2 por ciento),Suspensión oral,Ninguna
AMOXICILINA - CLAVULANATO,J01CR02,AMOXICILINA E INHIBIDORES DE LA ENZIMA,(1 + 0.2),g,,Polvo estéril para inyección,Uso exclusivo para tratamiento de neumonía
LEVONORGESTREL,G03AC03,LEVONORGESTREL,0.75,mg,por cada  forma farmacéutica,Tableta con o sin recubrimiento,Ninguna
TEOFILINA,R03DA04,TEOFILINA,300,mg,por cada  cápsula o tableta de liberación programada,Cápsula o tableta de liberación programada,Ninguna
ISONIAZIDA,J04AC01,ISONIAZIDA,300,mg,por cada  forma farmacéutica,Tableta con o sin recubrimiento,Medicamentos para programas especiales en salud pública
HIOSCINA N-BUTIL BROMURO,A03BB01,BUTILESCOPOLAMINA,10,mg,por cada  forma farmacéutica,Tableta con o sin recubrimiento,Ninguna
METADONA CLORHIDRATO,N02AC52,METADONA  COMBINACIONES EXCL. PSICOLÉPTICOS,40,mg,por cada  tableta,Tableta,Ninguna
RIFAMPICINA + ISONIAZIDA + PIRAZINAMIDA,J04AM05,RIFAMPICINA +  PIRAZINAMIDA E ISONIAZIDA,(60 + 30 + 150),mg,por cada  forma farmacéutica,Tableta con o sin recubrimiento,Medicamentos para programas especiales en salud pública
VENDAJE CON GELATINA DE ZINC.,D09AB01,ZINC VENDAJES CON O  SIN SUPLEMENTOS,no inferior al 10,por ciento,de zinc,Preparación magistral,Ninguna
INSULINA GLULISINA,A10AB06,INSULINA GLULISINA,100,U.I.,por cada  mL,Solución inyectable,Ninguna
MICRONUTRIENTES ORGÁNICOS ESENCIALES – MULTIVITAMINAS,B05BA10,COMBINACIONES,6.52 ; 12.5 y 25,mg,,Solución inyectable,Ninguna
AMOXICILINA - CLAVULANATO,J01CR02,AMOXICILINA E INHIBIDORES DE LA ENZIMA,(875 + 125),mg,por cada  forma farmacéutica,Tableta con o sin recubrimiento,Uso exclusivo para tratamiento de neumonía
TERBUTALINA SULFATO,R03CC03,TERBUTALINA,1.5,mg,por cada  5 mL (0.03 por ciento),Jarabe,Ninguna
CICLOFOSFAMIDA,L01AA01,CICLOFOSFAMIDA,500,mg,,Polvo estéril para inyección,Ninguna
CLOTRIMAZOL,D01AC01,CLOTRIMAZOL,1,por ciento,,Crema,Ninguna
HIERRO (FERROSO) SULFATO ANHIDRO,B03AA07,FERROSO SULFATO,20-25,mg,de Fe por cada mL (2 - 2.5 por ciento),Solución oral,Ninguna
ANFOTERICINA B,J02AA01,AMFOTERICINA B,50,mg,,Polvo estéril para inyección,Ninguna
MORFINA,N02AA01,MORFINA,10,mg,por cada  mL,Solución inyectable,Ninguna
DEXTROSA 5 POR CIENTO EN AGUA DESTILADA,B05BA03,CARBOHIDRATOS,5,por ciento,,Solución inyectable,Ninguna
AMPICILINA (SAL SÓDICA),J01CA01,AMPICILINA,1,g,de base,Polvo estéril para inyección,Ninguna
GENTAMICINA (SULFATO),S01AA11,GENTAMICINA,0.3,por ciento,,Ungüento oftálmico,Ninguna
IMATINIB,L01XE01,IMATINIB,100,mg,por cada  forma farmacéutica,Tableta con o sin recubrimiento,Cubierto para el tratamiento de la leucemia mieloide crónica (ph+)
LEVONORGESTREL + ETINILESTRADIOL,G03AA07,LEVONORGESTREL Y ESTRÓGENO,(250 +50),mcg,por cada  forma farmacéutica,Tableta con o sin recubrimiento,Ninguna
CALCIO GLUCONATO,A12AA03,GLUCONATO DE CALCIO,10,por ciento,,Solución inyectable,Ninguna
INSULINA LISPRO,A10AB04,INSULINA LISPRO,100,U.I.,por cada  mL,Solución inyectable,Ninguna
CALCITRIOL,A11CC04,CALCITRIOL,0.25,mcg,por cada cápsula,Cápsula,Ninguna
CLOROQUINA (DIFOSFATO O SULFATO),P01BA01,CLOROQUINA,150,mg,de base por cada forma farmacéutica,Tableta con o sin recubrimiento,Medicamentos para programas especiales en salud pública
TENOFOVIR+EMTRICITABINA,J05AR03,TENOFOVIR+EMTRICITABINA,(300+200),mg,por cada  forma farmacéutica,Tableta con o sin recubrimiento,Según las “guías de práctica clínica para la prevención; diagnóstico y tratamiento de pacientes con vih-sida”.
ÁCIDOS GRASOS,B05BA02,EMULSIONES GRASAS,10; 20 y 30,por ciento,,Emulsión inyectable,Ninguna
ALOPURINOL,M04AA01,ALOPURINOL,100,mg,por cada  forma farmacéutica,Tableta con o sin recubrimiento,Ninguna
RIVASTIGMINA,N06DA03,RIVASTIGMINA,4.5,mg,por cada cápsula,Cápsula,Cubierto en el manejo de la demencia.
RETINOICO ÁCIDO,D10AD02,RETINOL,0.05,g,,Crema,Ninguna
CIPROFLOXACINA (CLORHIDRATO),J01MA02,CIPROFLOXACINO,250,mg,de base por cada forma farmacéutica,Tableta con o sin recubrimiento,Ninguna
BECLOMETASONA DIPROPIONATO,R03BA01,BECLOMETASONA,50,mcg,por cada  dosis,Solución o suspensión para inhalación (aerosol) nasal o bucal,Ninguna
RISPERIDONA,N05AX08,RISPERIDONA,50,mg,,Polvo estéril para inyección,Cubierto para el tratamiento de la esquizofrenia
LAMIVUDINA,J05AF05,LAMIVUDINA,150,mg,por cada  forma farmacéutica,Tableta con o sin recubrimiento,Ninguna
LEVOTIROXINA SÓDICA + LIOTIRONINA,H03AA03,LEVOTIROXINA Y LIOTIRONINA; COMBINACIONES DE,(120 + 30),mcg,por cada  Tableta,Tableta,Ninguna
HIOSCINA N-BUTIL BROMURO,A03BB01,BUTILESCOPOLAMINA,20,mg,por cada  mL,Solución inyectable,Ninguna
DINOPROSTONA,G02AD02,DINOPROSTONA,10,mg,por cada  óvulo,Ovulo,Cubierto para iniciar o continuar la maduración del cuello uterino en pacientes con embarazo a término.
ZOLEDRÓNICO ÁCIDO,M05BA08,ÁCIDO ZOLEDRÓNICO,4,mg,,Polvo estéril para inyección,Cubierto en el tratamiento de  hipercalcemia de malignidad (excluyendo los casos asociados a hiperparatiroidismo y los no relacionados con tumores) y mieloma múltiple y metástasis ósea documentada de tumores sólidos como coadyuvante de la terapia antineoplásica convencional (para uso en cáncer de próstata; sólo está indicado si éste ha avanzado después de su manejo con por lo menos una terapia hormonal). Uso en enfermedad de paget y osteoporosis
ERITROMICINA (ETILSUCCINATO O ESTEARATO),J01FA01,ERITROMICINA,500,mg,de base por cada cápsula o tableta,Cápsula o tableta,Ninguna
OXICODONA,N02AA05,OXICODONA,10,mg,por cada  tableta de liberación programada,Tableta de liberación programada,Ninguna
ATAZANAVIR,J05AE08,ATAZANAVIR,200,mg,por cada cápsula,Cápsula,Según las guías de práctica clínica para la prevención; diagnóstico y tratamiento de pacientes con vih-sida.
SUERO ANTIOFÍDICO POLIVALENTE,J06AA03,SUERO ANTIOFÍDICO,,,Incluye todas las concentraciones,Inyectable,Ninguna
RIVASTIGMINA,N06DA03,RIVASTIGMINA,9,mg,por cada  parche,Parche,Cubierto en el manejo de la demencia.
ETOSUXIMIDA,N03AD01,ETOSUXIMIDA,250,mg,por cada cápsula,Cápsula,Ninguna
METOPROLOL TARTRATO,C07AB02,METOPROLOL,50,mg,por cada  forma farmacéutica,Tableta con o sin recubrimiento,Ninguna
CORTICOIDE CON O SIN ANESTÉSICO,C05AA01,HIDROCORTISONA,,,Incluye todas las concentraciones,Supositorio,Ninguna
TRIMETOPRIM + SULFAMETOXAZOL,J01EE01,SULFAMETOXAZOL Y TRIMETOPRIMA,(40 + 200),mg,por cada  5 mL (0.8 por ciento + 4 por ciento),Suspensión oral,Ninguna
RISPERIDONA,N05AX08,RISPERIDONA,3,mg,por cada  forma farmacéutica,Tableta con o sin recubrimiento,Cubierto para el tratamiento de la esquizofrenia
PROTAMINA SULFATO,V03AB14,PROTAMINA,50,mg,por cada  5 mL,Solución inyectable,Ninguna
CICLOSPORINA,L04AD01,CICLOSPORINA,100,mg,por cada  mL,Emulsión oral,Ninguna
